Station w/ no missing,Lat,Lon
USC00050109,40.155,-103.1417
USC00054082,40.5453,-102.3411
USC00054945,40.5147,-102.9906
USC00057515,40.8658,-102.5161
USC00131277,42.0633,-95.8364
USC00131442,42.7572,-95.5378
USC00132171,42.0364,-95.3289
USC00133632,41.6453,-95.3339
USC00133909,42.4897,-95.5489
USC00134735,42.7817,-96.1458
USC00134894,41.6381,-95.7883
USC00135123,42.1619,-95.7836
USC00136891,40.8744,-95.5667
USC00137613,40.7672,-95.38
USC00137669,40.7361,-95.6431
USC00250030,42.4244,-103.7347
USC00250050,42.5522,-99.8556
USC00250245,41.5975,-99.8258
USC00250320,41.4267,-99.1272
USC00250365,41.5697,-101.6917
USC00250420,42.5136,-99.0303
USC00250435,40.3706,-95.7469
USC00250640,40.1306,-99.8278
USC00250760,40.05,-101.5325
USC00250781,41.3536,-96.2094
USC00250865,41.0469,-102.1467
USC00250961,40.3058,-98.5047
USC00251065,40.8836,-97.7492
USC00251145,41.6681,-103.1039
USC00251200,41.4083,-99.675
USC00251240,40.3325,-97.5653
USC00251345,41.7769,-99.1433
USC00251365,42.9131,-98.8511
USC00251415,40.2847,-100.1433
USC00251560,41.1222,-98.0283
USC00251590,42.2031,-98.7467
USC00251684,40.5208,-98.0536
USC00251825,41.4639,-97.3278
USC00252000,41.7608,-102.4372
USC00252020,40.6092,-96.8719
USC00252065,40.2333,-100.83
USC00252145,41.4086,-102.9661
USC00252205,41.2492,-97.1328
USC00252595,41.9872,-98.0747
USC00252645,42.0628,-102.3172
USC00252690,40.4767,-99.8861
USC00252715,42.2797,-96.7244
USC00252770,41.8036,-98.8239
USC00252790,40.6864,-100.0536
USC00252805,42.2611,-98.3417
USC00252820,40.0739,-97.1669
USC00253050,41.43,-96.4669
USC00253065,40.6558,-97.2208
USC00253175,40.5314,-97.5964
USC00253185,41.4514,-97.7644
USC00253355,42.8947,-102.2036
USC00253365,40.9394,-100.1514
USC00253461,41.0311,-97.4703
USC00253615,42.6858,-103.8842
USC00253630,42.6167,-97.2608
USC00253660,40.6472,-98.3836
USC00253735,40.175,-97.5903
USC00253755,42.3208,-103.0733
USC00253910,40.4517,-99.3803
USC00254035,41.7175,-97.0031
USC00254043,40.01,-97.4978
USC00254110,40.5122,-101.6528
USC00254335,40.7258,-99.0133
USC00254440,41.2453,-103.6344
USC00254455,41.2097,-101.6706
USC00254865,41.4983,-102.6222
USC00254985,41.2789,-98.9697
USC00255040,42.8294,-98.4583
USC00255050,41.9378,-96.4789
USC00255105,40.9081,-96.865
USC00255310,40.2153,-100.6203
USC00255311,40.4389,-100.6961
USC00255362,41.1431,-96.4808
USC00255525,40.9283,-99.3886
USC00255565,40.5156,-98.9514
USC00255780,40.0783,-99.1386
USC00255810,40.6986,-95.8867
USC00255895,42.6531,-96.8775
USC00255925,42.6008,-99.3333
USC00256075,41.0569,-100.7494
USC00256135,42.0644,-97.9667
USC00256200,41.1275,-101.7206
USC00256290,42.4594,-98.6564
USC00256336,41.6028,-98.9269
USC00256375,41.1844,-97.5514
USC00256385,41.4014,-102.3464
USC00256390,41.3039,-102.4375
USC00256480,40.3503,-101.1047
USC00256837,41.0756,-97.7872
USC00257040,41.0319,-98.9214
USC00257070,40.0978,-98.5197
USC00257715,40.8997,-97.0908
USC00257830,41.2294,-103.0214
USC00258040,42.7981,-98.6508
USC00258215,40.5322,-100.3856
USC00258320,40.0297,-98.0758
USC00258328,41.1042,-97.3094
USC00258395,40.6661,-96.1892
USC00258455,41.7678,-99.3789
USC00258465,40.3544,-96.1939
USC00258628,40.1903,-101.0669
USC00258745,40.8972,-97.3464
USC00258915,42.2619,-96.8636
USC00258920,40.8433,-101.2094
USC00259045,42.2361,-97.0108
USC00259200,41.845,-96.7142
USC00259325,40.1119,-100.1047
USC00398472,42.9919,-97.8703
USC00398622,42.7625,-96.9194
USW00014935,40.9611,-98.3136
USW00014941,41.9856,-97.4353
USW00014942,41.3103,-95.8992
USW00024015,40.1667,-103.2167
USW00024020,40.5233,-101.0344
USW00024023,41.1214,-100.6694
USW00024028,41.8706,-103.5931
USW00024032,42.8783,-100.55
USW00094911,42.8783,-97.3633
USW00094957,40.0803,-95.5919
USC00290041,36.2403,-106.4278
USC00290377,35.8742,-103.1819
USC00290417,31.9381,-108.7689
USC00290600,32.7547,-104.3836
USC00290640,34.075,-107.6211
USC00290692,36.835,-108.0006
USC00291389,36.4819,-106.4403
USC00291469,32.3478,-104.2225
USC00291647,36.0286,-107.9106
USC00291664,36.9178,-106.5781
USC00291813,36.4661,-104.9456
USC00291910,32.8339,-108.5047
USC00291963,34.5989,-103.2161
USC00291982,35.6414,-106.3322
USC00292030,35.4072,-104.1906
USC00292250,35.0883,-107.5178
USC00292510,35.1842,-105.0569
USC00292608,36.9358,-107
USC00292785,35.0381,-108.3492
USC00292837,36.5928,-106.73
USC00293142,36.6897,-108.3086
USC00293296,34.3942,-104.2503
USC00293488,35.8917,-105.4481
USC00293511,36.3336,-106.4744
USC00293530,33.1975,-108.2075
USC00293577,33.3217,-108.8794
USC00293592,35.2656,-106.2144
USC00293649,34.2594,-106.0931
USC00293682,35.1664,-107.8992
USC00293706,36.5939,-103.6192
USC00294009,32.9203,-107.5656
USC00294175,34.6344,-103.8903
USC00294369,35.7783,-106.6872
USC00294398,35.9547,-107.0856
USC00295084,35.8644,-106.3214
USC00295150,34.7675,-106.7611
USC00295617,34.4278,-103.625
USC00295937,35.8022,-103.9439
USC00295960,32.9539,-105.8225
USC00296275,36.1839,-105.0608
USC00296619,36.2994,-103.7408
USC00296676,35.5489,-105.6886
USC00296687,34.6153,-105.4739
USC00297008,34.1742,-103.3519
USC00297226,34.78,-103.7492
USC00297340,32.7047,-108.7281
USC00297867,35.1086,-103.3283
USC00298085,35.6194,-105.9753
USC00298535,32.2822,-106.7597
USC00298596,34.6033,-104.3811
USC00299031,35.7992,-107.1814
USC00299156,35.2006,-103.6867
USC00299686,32.7822,-106.1758
USC00299691,32.5617,-108.3611
USC00299820,35.9478,-106.7469
USC00411033,35.62,-103.0072
USS0005N11S,36.7,-105.34
USS0005N16S,36.99,-105.26
USS0005N18S,36.19,-105.56
USS0006N03S,36.96,-106.66
USS0006N04S,36.51,-106.32
USS0006N14S,36.72,-106.26
USS0006P01S,35.92,-106.39
USS0006P10S,36,-106.83
USS0008T01S,32.92,-108.15
USW00023040,31.78,-103.2017
USW00023044,31.8111,-106.3758
USW00023050,35.0419,-106.6156
USW00023051,36.4486,-103.1539
USW00023054,35.6542,-105.1419
USW00023081,35.5144,-108.7939
USW00093033,32.3336,-104.2581
USW00093044,35.0706,-108.8389
USC00133718,43.0031,-96.485
USC00211063,45.5958,-96.8283
USC00218907,45.8081,-96.5042
USC00390043,43.4892,-99.0631
USC00390128,43.6514,-97.7981
USC00390662,45.2994,-96.4997
USC00390701,45.5286,-102.465
USC00391049,45.7886,-97.7489
USC00391076,44.3253,-96.7686
USC00391102,44.5547,-97.4686
USC00391294,45.5489,-103.9744
USC00391392,43.3111,-96.5878
USC00391579,43.0431,-96.9033
USC00391621,43.735,-99.312
USC00391777,44.7589,-96.6914
USC00391851,43.7847,-96.9275
USC00391873,45.725,-98.3022
USC00391972,43.9611,-101.8606
USC00392302,44.3825,-97.5497
USC00392429,45.0469,-101.605
USC00392446,44.8658,-101.4672
USC00392557,43.3136,-103.8214
USC00392797,45.7656,-99.6222
USC00392927,45.0364,-99.1342
USC00392984,44.0517,-96.5928
USC00393029,44.0686,-98.0833
USC00393069,44.4106,-103.4769
USC00393452,43.2356,-99.4342
USC00393560,45.36,-103.8117
USC00393868,43.9342,-103.5572
USC00394007,43.4378,-103.4739
USC00394184,43.7483,-101.9414
USC00394206,45.4472,-99.0386
USC00394254,44.3647,-97.8486
USC00394516,43.9025,-99.8583
USC00394596,44.6122,-101.3369
USC00394834,44.3544,-103.743
USC00394864,45.9397,-102.1575
USC00395090,43.9906,-97.0925
USC00395325,44.8656,-102.5658
USC00395381,45.8383,-101.2767
USC00395481,43.2358,-97.5714
USC00395544,44.5172,-101.6183
USC00395638,43.1122,-100.6111
USC00395870,43.8769,-103.4578
USC00395891,43.8878,-100.7075
USC00396054,44.7136,-103.4258
USC00396212,43.1878,-103.2372
USC00396292,44.7322,-100.1447
USC00396335,44.8983,-99.0864
USC00396427,44.0622,-103.4819
USC00396669,43.3892,-98.8411
USC00396712,45.9033,-100.2878
USC00397073,44.6981,-102.5608
USC00397545,45.51,-100.0356
USC00397742,45.6656,-97.0394
USC00398116,45.3036,-97.0625
USC00398307,45.4283,-101.0764
USC00398652,45.9203,-96.8308
USC00398980,45.4247,-97.3269
USC00399004,45.3331,-97.5228
USC00399070,44.0761,-98.5706
USC00399232,43.6872,-98.6717
USC00399337,45.4078,-96.8619
USC00399367,43.3686,-99.8403
USC00399442,43.4989,-100.4814
USW00014929,45.4558,-98.4131
USW00014936,44.3981,-98.2231
USW00014944,43.5878,-96.7289
USW00014946,44.9047,-97.1494
USW00024025,44.3814,-100.2856
USW00024090,44.0433,-103.0536
USC00030006,35.0236,-94.1594
USC00030664,34.4619,-93.9983
USC00030798,35.1161,-93.6506
USC00030832,35.0931,-93.9258
USC00031666,34.4314,-94.4175
USC00031948,34.0464,-94.3481
USC00032922,34.8869,-93.6847
USC00032930,36.4261,-94.4481
USC00033428,33.7092,-93.5564
USC00033438,34.3608,-93.6817
USC00034756,34.5978,-94.29
USC00035079,34.0783,-93.7019
USC00035112,33.9294,-93.8583
USC00035591,34.8442,-93.8653
USC00035760,34.5833,-93.9011
USC00036008,35.305,-93.8767
USC00036928,35.3028,-93.6369
USC00037488,34.9228,-94.0944
USC00037592,34.625,-93.5439
USC00164816,32.355,-93.8619
USC00166364,32.7053,-93.9603
USC00167738,32.4219,-93.6381
USC00168436,32.5158,-93.7447
USC00340184,34.8847,-99.2964
USC00340830,35.1183,-97.67
USC00341162,34.0497,-94.7381
USC00341745,34.5019,-96.9717
USC00341828,36.3225,-95.5808
USC00342054,34.3622,-97.9736
USC00342354,34.5433,-95.6764
USC00342912,36.4194,-97.8747
USC00344001,34.2333,-97.4203
USC00344915,34.9614,-96.75
USC00345063,34.6097,-98.4572
USC00345090,35.8628,-99.3428
USC00345468,34.0919,-96.7708
USC00345563,33.8761,-97.1642
USC00345589,36.1519,-97.6225
USC00346035,35.1464,-99.4956
USC00346139,36.2283,-99.17
USC00346751,36.3486,-98.4808
USC00346940,36.3567,-96.8108
USC00347003,35.9742,-97.0269
USC00347214,34.5053,-96.6222
USC00347264,35.4875,-96.7303
USC00347727,34.8511,-99.0208
USC00347952,35.3061,-99.6275
USC00348042,35.2317,-96.6531
USC00348380,36.3894,-95.0597
USC00349086,35.3672,-97.8872
USC00349364,35.8578,-98.4139
USC00349668,35.0522,-99.5125
USC00410012,33.8339,-101.8436
USC00410225,29.4608,-101.0286
USC00410246,30.7578,-97.8614
USC00410271,33.4414,-98.3689
USC00410394,33.1525,-100.2333
USC00410404,32.1633,-95.83
USC00410482,30.8878,-102.3008
USC00410493,31.7414,-99.9764
USC00410518,32.2631,-96.6369
USC00410586,29.9142,-94.9908
USC00410613,30.0689,-94.2928
USC00410639,28.4575,-97.7061
USC00410655,30.0317,-96.2167
USC00410691,32.6475,-97.4439
USC00410738,30.7625,-98.0214
USC00410832,30.095,-98.4142
USC00410902,29.7986,-98.7353
USC00410944,36.4533,-100.5394
USC00410958,35.6364,-101.4542
USC00410984,33.5511,-97.8472
USC00411000,35.5303,-102.2564
USC00411013,29.61,-100.4519
USC00411017,31.1444,-99.3492
USC00411045,31.1589,-96.6825
USC00411048,30.1592,-96.3972
USC00411128,33.1908,-102.2681
USC00411239,31.9917,-99.2203
USC00411250,30.7586,-98.2339
USC00411314,30.5328,-96.7022
USC00411337,28.4658,-98.3539
USC00411430,34.9806,-101.9264
USC00411486,28.4894,-99.8733
USC00411500,32.1614,-94.3397
USC00411578,31.8075,-94.1642
USC00411596,31.2581,-95.9744
USC00411715,29.2703,-103.3003
USC00411720,28.4675,-98.2525
USC00411800,32.3139,-97.4061
USC00411810,30.3636,-95.0839
USC00411875,31.8278,-99.4319
USC00411911,29.6989,-96.5731
USC00411956,30.3303,-95.4831
USC00411974,31.5333,-101.2842
USC00412019,32.1225,-96.4867
USC00412040,30.1806,-99.1539
USC00412096,32.5286,-97.6189
USC00412114,31.3072,-95.4508
USC00412121,33.6517,-101.245
USC00412142,33.9897,-99.7303
USC00412173,29.0892,-97.3433
USC00412206,30.0211,-95.7069
USC00412225,32.9203,-94.7225
USC00412266,29.0567,-96.2319
USC00412404,33.1992,-97.105
USC00412462,30.3558,-96.8289
USC00412464,34.5858,-102.312
USC00412617,35.8731,-101.9725
USC00412621,33.8094,-100.5169
USC00412820,30.3642,-97.37
USC00412824,28.4747,-100.2147
USC00413060,26.5581,-99.1372
USC00413065,28.9614,-98.1103
USC00413112,30.2758,-97.0192
USC00413133,32.5339,-96.6608
USC00413156,29.9744,-98.2669
USC00413183,29.6339,-97.0644
USC00413196,34.2675,-100.9336
USC00413199,30.8394,-97.7928
USC00413201,29.1333,-98.1628
USC00413214,33.985,-101.3339
USC00413215,33.8761,-101.2464
USC00413225,36.4328,-100.1369
USC00413262,30.5997,-103.8869
USC00413329,30.2392,-98.9089
USC00413340,28.9844,-95.3808
USC00413368,34.64,-102.7231
USC00413370,33.1925,-96.7931
USC00413485,31.4144,-97.7019
USC00413507,30.6764,-97.7208
USC00413508,28.3064,-98.1222
USC00413525,30.1872,-96.8594
USC00413605,30.3481,-98.6861
USC00413614,31.4406,-98.5903
USC00413622,29.4744,-97.4481
USC00413686,30.7189,-97.3211
USC00413691,32.9506,-97.0553
USC00413787,36.2631,-101.405
USC00413828,33.6267,-100.3369
USC00413873,29.4706,-96.9397
USC00413943,26.2028,-97.6728
USC00413954,30.3086,-99.203
USC00413992,33.1644,-99.7389
USC00414081,32.1808,-94.7964
USC00414098,34.8172,-102.4003
USC00414182,32.0161,-97.1094
USC00414278,31.8456,-99.5606
USC00414325,29.66,-95.6275
USC00414327,29.8733,-95.5275
USC00414363,30.3614,-100.305
USC00414382,30.7064,-95.5422
USC00414402,30.2533,-98.5711
USC00414556,30.8294,-97.6011
USC00414570,33.2542,-100.5731
USC00414575,29.7664,-97.3164
USC00414704,29.8025,-95.8197
USC00414782,30.0739,-99.1094
USC00414950,29.2694,-103.7575
USC00414982,33.7542,-99.1442
USC00415013,32.7228,-101.9456
USC00415048,29.8097,-101.5603
USC00415060,27.5683,-99.4983
USC00415094,33.0353,-96.4861
USC00415183,33.55,-102.3758
USC00415193,30.4064,-97.0133
USC00415196,30.0592,-94.795
USC00415247,36.2358,-100.2675
USC00415265,33.8692,-102.2592
USC00415272,30.7425,-98.6542
USC00415429,29.6756,-97.6578
USC00415477,30.9392,-95.9203
USC00415618,32.4892,-94.3289
USC00415658,34.025,-100.8117
USC00415661,28.0372,-97.8725
USC00415821,34.7261,-100.5372
USC00415822,30.9044,-99.7867
USC00416024,30.3908,-95.6969
USC00416058,32.0139,-97.6131
USC00416074,33.7186,-102.7586
USC00416104,30.7053,-104.0233
USC00416108,33.1689,-95.0056
USC00416119,33.1964,-95.2236
USC00416130,33.6564,-97.3769
USC00416135,34.2192,-102.7328
USC00416137,33.9544,-102.7783
USC00416177,31.6164,-94.6431
USC00416210,31.9611,-96.6881
USC00416270,33.4547,-94.4089
USC00416280,30.1375,-95.1783
USC00416367,31.1081,-98.3794
USC00416433,34.2606,-100.6014
USC00416477,36.1014,-100.5894
USC00416644,34.1797,-102.1356
USC00416740,34.0067,-100.2989
USC00416742,33.8083,-100.2981
USC00416776,35.5544,-100.9736
USC00416792,29.3272,-103.2061
USC00416794,33.6744,-95.5586
USC00416950,36.3897,-100.8239
USC00416952,36.1017,-100.7394
USC00416953,36.4408,-100.9961
USC00417079,34.1892,-101.7022
USC00417172,29.9044,-93.9708
USC00417184,26.5578,-97.4264
USC00417206,33.1986,-101.3744
USC00417215,29.0281,-98.5686
USC00417327,32.3664,-99.1925
USC00417388,32.2619,-97.7064
USC00417480,31.2178,-98.5833
USC00417588,32.9964,-96.7428
USC00417594,29.5839,-95.7553
USC00417659,33.005,-97.2331
USC00417677,27.7894,-97.6619
USC00417743,32.4481,-100.5264
USC00417773,32.4611,-96.4494
USC00417791,30.5414,-97.635
USC00417841,31.8092,-95.1428
USC00417873,29.3283,-99.4653
USC00417936,31.0619,-94.1011
USC00417983,29.8833,-97.9494
USC00418126,29.6825,-96.8564
USC00418201,32.7131,-102.6597
USC00418236,35.215,-100.2503
USC00418274,33.7033,-96.6419
USC00418323,34.4722,-101.3006
USC00418326,31.955,-99.5439
USC00418373,33.4367,-101.6472
USC00418415,30.0092,-97.1644
USC00418446,30.3367,-96.5403
USC00418519,29.2728,-96.6858
USC00418531,30.4814,-98.1606
USC00418544,29.8653,-98.3797
USC00418696,32.6592,-98.4678
USC00418743,33.1481,-95.6269
USC00418818,33.1714,-101.7981
USC00418863,30.9731,-98.9433
USC00418877,30.4333,-98.8097
USC00418942,33.4367,-94.0772
USC00419001,30.6147,-97.2086
USC00419004,31.3917,-96.5656
USC00419099,30.8836,-98.4708
USC00419101,30.7931,-94.1819
USC00419125,33.4311,-96.3397
USC00419163,33.7569,-99.8617
USC00419175,34.5475,-101.7614
USC00419191,34.3956,-100.8972
USC00419207,32.3067,-95.2969
USC00419270,30.5908,-104.4914
USC00419346,34.1517,-99.3256
USC00419491,30.3236,-96.1594
USC00419499,31.6725,-100.7283
USC00419501,31.8136,-100.6286
USC00419504,30.9297,-98.0219
USC00419532,32.7483,-97.77
USC00419565,34.8422,-100.2103
USC00419800,32.7019,-96.015
USC00419847,32.0444,-100.1078
USC00419952,29.2739,-97.1556
USW00003904,30.5892,-96.3647
USW00003927,32.8978,-97.0189
USW00003951,32.35,-94.65
USW00003969,32.2314,-98.2319
USW00012917,29.9506,-94.0206
USW00012918,29.6381,-95.2819
USW00012919,25.9156,-97.4186
USW00012935,28.7247,-96.2536
USW00012959,26.1839,-98.2539
USW00012960,29.98,-95.36
USW00012962,29.36,-99.1742
USW00013957,32.4506,-93.8411
USW00013958,30.3208,-97.7603
USW00013959,31.6189,-97.2283
USW00013960,32.8519,-96.8556
USW00013964,35.3331,-94.3625
USW00013966,33.9786,-98.4928
USW00013968,36.1994,-95.8872
USW00013975,36.2967,-99.7689
USW00023007,34.4272,-100.2831
USW00023023,31.9433,-102.1889
USW00023034,31.3711,-100.4922
USW00023072,34.9325,-100.8903
USW00093042,36.0167,-102.55
USW00093914,31.7831,-95.6039
USW00093950,34.8822,-95.7831
USW00093986,34.9894,-99.0525
USW00093987,31.2361,-94.7544
USW00093993,36.0097,-94.1694
USC00040212,38.5731,-122.4406
USC00040343,36.4914,-118.8253
USC00040379,37.0919,-119.5128
USC00040449,36.9092,-119.0883
USC00040673,37.0856,-122.0797
USC00040741,34.2431,-116.9169
USC00040790,36.2472,-121.7803
USC00040931,39.3886,-120.0936
USC00040983,33.2558,-116.4036
USC00041072,38.2575,-119.2286
USC00041149,40.8669,-121.8464
USC00041194,34.1867,-118.3481
USC00041244,35.4028,-119.47
USC00041253,34.5822,-119.9817
USC00041277,38.2769,-120.3114
USC00041316,41.3111,-122.8045
USC00041424,32.6264,-116.47
USC00041428,38.2486,-120.8433
USC00041497,40.1706,-121.0886
USC00041697,37.9747,-119.9161
USC00041700,40.3033,-121.2422
USC00041907,40.4,-122.1433
USC00041912,39.0911,-120.9481
USC00041916,39.3308,-121.1922
USC00041990,41.9797,-122.3378
USC00042012,36.0975,-119.5817
USC00042239,32.9897,-116.5872
USC00042294,38.535,-121.7761
USC00042319,36.4622,-116.8669
USC00042346,35.7683,-119.26
USC00042402,39.8717,-121.6108
USC00042574,41.1833,-122.2736
USC00042598,33.8089,-115.4508
USC00042713,32.7669,-115.5617
USC00042920,37.585,-120.2672
USC00042934,38.2736,-122.0678
USC00042941,34.705,-118.4297
USC00043038,38.5236,-120.7061
USC00043134,39.01,-120.8456
USC00043157,41.8714,-120.1575
USC00043161,39.5092,-123.7567
USC00043261,36.9969,-119.7072
USC00043551,36.7375,-118.9619
USC00043573,39.2042,-121.0681
USC00043578,38.4306,-122.8647
USC00043710,36.1389,-117.9528
USC00043747,36.3158,-119.6369
USC00043800,39.2372,-121.2667
USC00043855,33.7044,-115.6289
USC00043914,33.2372,-116.7614
USC00043939,37.9614,-119.7831
USC00044211,33.7572,-116.7067
USC00044223,32.8489,-115.5667
USC00044232,36.7981,-118.2036
USC00044297,34.1472,-115.1219
USC00044374,41.2683,-120.2947
USC00044422,34.4908,-119.5069
USC00044500,37.9567,-122.5447
USC00044555,36.2069,-121.1378
USC00044710,32.8536,-116.8947
USC00044712,38.4919,-122.0039
USC00044890,36.3817,-119.0264
USC00044957,36.2033,-119.0545
USC00044997,37.6922,-121.7692
USC00045026,36.6044,-118.7325
USC00045064,34.6539,-120.4514
USC00045118,37.0564,-120.8667
USC00045360,38.4917,-122.1242
USC00045378,38.0131,-122.1142
USC00045502,33.5697,-116.0731
USC00045532,37.2889,-120.5158
USC00045795,36.5903,-121.9056
USC00045915,37.8792,-121.9303
USC00045933,37.3436,-121.6425
USC00046074,38.2778,-122.2647
USC00046136,39.2467,-121.0008
USC00046175,33.6031,-117.8836
USC00046194,38.9261,-121.5447
USC00046377,33.2097,-117.395
USC00046399,34.4478,-119.2275
USC00046506,39.7458,-122.1997
USC00046597,38.7583,-120.5031
USC00046624,34.5883,-118.0939
USC00046635,33.8275,-116.5097
USC00046657,33.3781,-116.84
USC00046675,36.6067,-120.8842
USC00046685,39.7539,-121.6242
USC00046719,34.1483,-118.1447
USC00046730,35.6278,-120.6856
USC00046826,38.2578,-122.6078
USC00046946,40.9869,-121.9772
USC00047085,39.8053,-120.4719
USC00047109,39.3619,-123.1286
USC00047253,35.3692,-117.6525
USC00047339,37.4767,-122.2386
USC00047668,36.6594,-121.6664
USC00047672,35.3372,-120.5039
USC00047681,34.5686,-120.4083
USC00047776,34.1553,-117.9078
USC00047813,33.7964,-116.9753
USC00047888,33.7442,-117.8667
USC00047916,36.9878,-121.9994
USC00047933,35.3742,-120.6375
USC00048014,34.5894,-118.4547
USC00048045,40.4833,-124.1039
USC00048135,40.7142,-122.4161
USC00048351,38.2994,-122.4622
USC00048587,39.5861,-122.5342
USC00048606,39.5631,-121.1078
USC00048758,39.1678,-120.1428
USC00049026,40.7264,-122.7947
USC00049053,41.96,-121.4744
USC00049073,37.5006,-120.855
USC00049099,34.1281,-116.0369
USC00049152,34.0697,-118.4428
USC00049185,37.7719,-122.1675
USC00049325,34.5292,-117.2928
USC00049351,39.8056,-120.1858
USC00049367,36.3283,-119.2997
USC00049378,33.2353,-117.2322
USC00049452,35.5892,-119.3519
USC00049473,36.9308,-121.7692
USC00049621,40.6117,-122.5281
USC00049699,39.5231,-122.3047
USC00049742,38.5253,-121.9778
USC00049785,34.1819,-118.5744
USC00049866,41.7036,-122.6408
USC00260795,40.5903,-116.475
USC00260800,39.9003,-116.5875
USC00260955,38.5208,-115.5444
USC00261358,37.6128,-114.5264
USC00262431,37.6064,-118
USC00262708,39.5169,-115.9622
USC00262780,39.4572,-118.7811
USC00263114,41.5697,-115.2111
USC00264698,40.1808,-118.51
USC00264935,41.9953,-117.72
USC00264950,39.4136,-114.7733
USC00265168,38.3878,-118.1092
USC00265191,38.9547,-119.7758
USC00265400,36.26,-115.645
USC00265818,41.5683,-117.8389
USC00265890,36.2614,-116.0564
USC00267123,40.2022,-115.493
USC00267192,40.4661,-118.3047
USC00267369,35.4661,-114.9217
USC00267612,38.8822,-119.3511
USS0014K02S,39.32,-114.62
USS0015H01S,41.83,-115.45
USS0015H03S,41.74,-115.47
USS0015H04S,41.76,-115.69
USS0015H09S,41.23,-116.03
USS0015H14S,41.87,-115.25
USS0015J01S,40.89,-115.2
USS0015J06S,40.65,-115.38
USS0015J09S,40.38,-115.53
USS0015J12S,40.28,-115.53
USS0015K03S,39.56,-115.84
USS0016H02S,41.55,-116.01
USS0016H04S,41.53,-116.01
USS0016H05S,41.78,-116.03
USS0016H08S,41.82,-116.1
USS0017H02S,41.75,-117.53
USS0017H07S,41.52,-117.63
USS0017H08S,41.67,-117.57
USS0017K04S,39.29,-117.11
USS0018H01S,41.97,-118.19
USS0019K04S,39.16,-119.9
USS0019K07S,39.32,-119.89
USS0019L03S,38.85,-119.94
USS0019L05S,38.61,-119.92
USS0019L06S,38.51,-119.63
USS0019L07S,38.31,-119.6
USS0019L08S,38.3,-119.55
USS0019L13S,38.07,-119.23
USS0019L17S,38.44,-119.37
USS0019L19S,38.55,-119.8
USS0019L24S,38.92,-119.92
USS0020H06S,41.58,-120.3
USS0020H12S,41.99,-120.18
USS0020K03S,39.49,-120.28
USS0020K04S,39.45,-120.29
USS0020K05S,39.43,-120.31
USS0020K13S,39.3,-120.18
USS0020K25S,39.14,-120.22
USS0020K30S,39.19,-120.26
USS0020L02S,39,-120.13
USW00003104,33.6267,-116.1594
USW00003122,33.8017,-118.3411
USW00003125,32.8356,-114.3942
USW00003159,34.7411,-118.2117
USW00003160,36.6206,-116.0278
USW00023110,36.3333,-119.95
USW00023153,38.0511,-117.0903
USW00023154,39.2953,-114.8467
USW00023155,35.4344,-119.0542
USW00023157,37.3711,-118.3581
USW00023158,33.6186,-114.7142
USW00023161,34.8536,-116.7858
USW00023169,36.0719,-115.1633
USW00023179,34.7675,-114.6189
USW00023185,39.4839,-119.7711
USW00023187,34.7436,-118.7242
USW00023188,32.7336,-117.1831
USW00023190,34.4258,-119.8425
USW00023232,38.5069,-121.495
USW00023233,36.6636,-121.6081
USW00023234,37.6197,-122.3647
USW00023258,37.6242,-120.9506
USW00023271,38.5556,-121.4169
USW00023272,37.7706,-122.4269
USW00023273,34.8994,-120.4486
USW00024119,40.6117,-116.8917
USW00024121,40.8289,-115.7886
USW00024128,40.9017,-117.8081
USW00024213,40.8097,-124.1603
USW00024216,40.1519,-122.2536
USW00093102,39.4167,-118.7167
USW00093112,32.7,-117.2
USW00093134,34.0511,-118.2353
USW00093209,35.6697,-120.6283
USC00110993,37.1275,-88.6531
USC00111265,37.7308,-89.1658
USC00111700,38.6058,-88.3117
USC00112483,37.9878,-89.1931
USC00112687,39.1181,-88.6244
USC00112931,38.3806,-88.3264
USC00114957,38.7239,-87.7197
USC00115943,38.3483,-88.8533
USC00116011,38.3419,-89.3592
USC00116446,38.7003,-88.0817
USC00116558,39.0064,-87.6236
USC00117487,37.4747,-88.4122
USC00117636,38.6403,-88.9458
USC00118020,37.1644,-88.4311
USC00122309,38.4558,-86.6983
USC00122605,39.0314,-86.9372
USC00125237,38.7369,-85.3942
USC00126001,37.9286,-87.8956
USC00126151,37.9325,-87.3744
USC00126580,38.8878,-86.5519
USC00127125,38.3567,-87.5906
USC00128036,38.5528,-86.7944
USC00128698,37.9531,-86.7747
USC00129113,38.7386,-87.4878
USC00129605,38.7669,-86.6847
USC00150012,37.2317,-86.6867
USC00150397,37.8194,-85.3847
USC00150422,36.8978,-86.1247
USC00150450,36.8583,-83.3303
USC00150904,36.9986,-86.4275
USC00151227,37.5319,-87.2669
USC00151576,37.8617,-83.9228
USC00151998,38.3769,-84.3031
USC00152040,37.6528,-84.7708
USC00152791,38.1228,-83.5328
USC00152812,37.3922,-82.2583
USC00153430,37.2572,-85.5011
USC00153714,37.2472,-83.1817
USC00153762,37.7558,-87.6456
USC00154955,38.2778,-85.7917
USC00155067,37.3475,-87.5239
USC00155150,37.3442,-88.0658
USC00155235,36.8583,-88.6686
USC00155648,37.3542,-84.3369
USC00155694,36.6122,-88.3083
USC00155834,37.2792,-86.2492
USC00156136,37.8175,-82.7883
USC00156170,38.2053,-84.2383
USC00156580,37.1244,-87.8672
USC00156988,37.6178,-86.5044
USC00157215,36.7461,-86.2258
USC00157334,38.0544,-85.6242
USC00157431,37.0875,-82.9925
USC00158446,38.7744,-84.9667
USC00333029,38.8208,-82.1817
USC00336630,39.07,-83.0194
USC00336781,38.7569,-82.8872
USC00337410,39.07,-82.2908
USC00338830,39.1114,-82.9797
USC00339050,38.8053,-83.4353
USC00401790,36.5472,-87.3353
USC00404858,36.5194,-82.5275
USC00406493,36.5517,-84.1728
USC00407359,36.5878,-86.5258
USC00443640,37.2822,-82.0886
USC00449215,36.9725,-82.5578
USC00462522,37.9494,-82.4047
USC00464200,38.6842,-82.1839
USC00465353,37.8664,-81.9844
USW00003816,37.0683,-88.7719
USW00003849,37.0872,-84.0769
USW00003860,38.365,-82.555
USW00003889,37.5908,-83.3131
USW00003935,37.2253,-89.5706
USW00093808,36.9647,-86.4239
USW00093812,39.1033,-84.4189
USW00093814,39.0431,-84.6717
USW00093817,38.0442,-87.5206
USW00093820,38.0408,-84.6058
USW00093821,38.1811,-85.7392
USC00200032,41.9164,-84.0158
USC00205603,41.7217,-84.2147
USC00330563,40.3536,-83.7753
USC00330862,41.3831,-83.6111
USC00331057,39.9522,-82.4819
USC00331072,40.8125,-82.9697
USC00331197,40.0111,-81.5794
USC00331390,40.5689,-84.5369
USC00331404,40.2914,-82.6547
USC00331458,41.5833,-81.1833
USC00331515,39.1547,-84.6233
USC00331541,41.0517,-81.9361
USC00331592,39.6103,-82.9556
USC00331777,40.0603,-82.8942
USC00331890,40.2403,-81.8711
USC00331905,40.3708,-81.7908
USC00332044,40.4397,-82.3039
USC00332067,39.7633,-84.1911
USC00332098,41.2783,-84.3847
USC00332251,41.6833,-80.6667
USC00332485,39.7328,-84.6353
USC00332791,41.0461,-83.6622
USC00332928,39.5536,-84.3189
USC00333021,40.7231,-82.8
USC00333375,40.1033,-84.6503
USC00333421,41.0192,-84.4772
USC00333500,39.6667,-80.8667
USC00333758,39.2333,-83.6092
USC00333780,41.3072,-81.0133
USC00333915,40.48,-83.8128
USC00334434,39.4706,-82.7344
USC00334551,40.7247,-84.1294
USC00334874,40.7667,-82.6167
USC00334927,39.4086,-81.4328
USC00334942,40.6167,-83.1333
USC00334979,40.2411,-83.3669
USC00335220,39.5161,-84.4072
USC00335505,41.2986,-80.7647
USC00335718,39.5014,-82.2442
USC00335747,40.0875,-82.4128
USC00335786,39.9317,-84.0328
USC00335857,39.7333,-82.2156
USC00336118,41.2667,-82.6167
USC00336389,41.7525,-81.2956
USC00336405,40.9461,-83.9614
USC00336465,41.1247,-84.5919
USC00336697,40.0553,-84.3581
USC00336949,41.1333,-81.2833
USC00337255,39.8161,-82.0733
USC00337693,40.2706,-84.1508
USC00337935,39.9736,-83.8072
USC00338332,39.9528,-84.1689
USC00338552,40.0992,-83.7822
USC00338609,40.8494,-84.5808
USC00338769,41.2019,-80.8106
USC00338822,41.5183,-84.1453
USC00338951,40.1267,-82.9442
USC00338990,39.8731,-84.6556
USC00339219,39.4911,-83.82
USC00339312,40.7833,-81.9167
USC00339361,39.6042,-83.9072
USC00461282,38.8458,-80.62
USC00463361,38.665,-80.7672
USC00463544,38.9339,-80.8317
USC00465963,39.47,-80.8569
USC00467018,40.1478,-80.7014
USC00467287,38.9186,-81.9108
USC00467552,38.8172,-81.7117
USC00468384,38.8008,-81.3583
USC00468662,38.6603,-80.6964
USC00469458,39.2906,-80.7686
USC00469683,38.5278,-81.9153
USW00003804,39.345,-81.4392
USW00013867,39.2811,-81.5572
USW00014820,41.4131,-81.86
USW00014825,41.0136,-83.6686
USW00014846,41.45,-82.7167
USW00014852,41.2544,-80.6739
USW00014891,40.8203,-82.5178
USW00014895,40.9167,-81.4333
USW00093815,39.9061,-84.2186
USW00093824,39.9444,-81.8922
USW00094830,41.5886,-83.8014
USC00010140,32.2322,-87.4103
USC00010160,32.9453,-85.9481
USC00010184,33.21,-88.2878
USC00010505,33.4528,-87.3572
USC00010583,30.8839,-87.7853
USC00010655,34.6892,-86.8819
USC00010764,33.3953,-87.0078
USC00011080,31.1414,-87.0486
USC00011225,33.4517,-86.7158
USC00011620,33.285,-86.3431
USC00011725,31.8708,-85.45
USC00012172,30.2506,-88.0775
USC00012245,32.5192,-87.88
USC00012758,31.445,-86.9533
USC00012813,30.5467,-87.8808
USC00013160,32.8347,-88.1342
USC00013251,31.0383,-85.8708
USC00013519,31.79,-86.6086
USC00013620,34.2314,-87.6353
USC00013645,34.0967,-87.9914
USC00013930,33.2533,-87.45
USC00014502,32.9069,-85.4336
USC00015121,32.4714,-87.2314
USC00015635,34.4883,-87.2989
USC00016436,31.8811,-86.9864
USC00016478,33.6906,-86.685
USC00016508,32.6131,-86.9056
USC00016988,30.5653,-87.7017
USC00017157,34.1736,-86.8133
USC00017207,34.2878,-85.9681
USC00017304,34.6736,-86.0536
USC00017366,32.4111,-87.0144
USC00017999,33.2053,-86.2114
USC00018024,33.4164,-86.135
USC00018038,32.4392,-86.2025
USC00018323,31.8075,-85.9722
USC00018438,32.0142,-85.7464
USC00018469,34.5686,-85.6064
USC00018637,31.21,-87.1789
USC00018673,32.7747,-87.8306
USC00018809,33.1186,-87.1267
USC00018998,33.9108,-87.8469
USC00086240,30.5317,-86.4928
USC00086842,30.2492,-85.6606
USC00091640,33.5972,-85.0806
USC00091732,34.0589,-85.2339
USC00098436,34.4547,-85.39
USC00221880,33.4678,-88.3847
USC00223208,34.2614,-88.4569
USW00003856,34.6439,-86.7861
USW00013871,33.5872,-85.8556
USW00013876,33.5656,-86.745
USW00013894,30.6794,-88.2397
USW00013895,32.2997,-86.4075
USW00013896,34.7442,-87.5997
USW00013899,30.4781,-87.1869
USW00093806,33.2119,-87.6161
USW00093842,32.5161,-84.9422
USC00084394,30.5228,-82.9447
USC00090140,31.5339,-84.1489
USC00090311,33.5572,-82.3369
USC00090969,34.8544,-83.9444
USC00091266,32.375,-81.673
USC00091340,31.1681,-81.5022
USC00091372,32.3178,-84.5203
USC00091500,31.1903,-84.2036
USC00091670,34.1825,-84.7958
USC00091863,34.7583,-84.7642
USC00091982,34.8878,-83.3967
USC00092006,34.5858,-83.7658
USC00092180,34.2625,-83.4894
USC00092266,31.985,-83.7747
USC00092283,34.5181,-83.5286
USC00092485,33.9983,-84.7511
USC00092966,32.2003,-83.2058
USC00093060,34.1408,-82.855
USC00093465,30.74,-82.1278
USC00093538,31.8694,-81.6236
USC00093621,34.3006,-83.86
USC00094170,32.2842,-83.4681
USC00094429,31.0767,-82.8003
USC00094648,34.4758,-84.4461
USC00094700,33.5311,-84.3544
USC00095165,33.8706,-83.1136
USC00095314,33.0125,-82.3914
USC00095863,32.8753,-82.2156
USC00095979,32.3175,-84.065
USC00095988,33.3328,-83.6975
USC00096087,31.1769,-83.7492
USC00097087,32.0467,-84.3711
USC00097808,31.3981,-81.2808
USC00098703,31.4461,-83.4767
USC00098740,34.5786,-83.3319
USC00099157,33.7264,-82.7058
USC00099506,32.9783,-84.5983
USC00380165,34.5283,-82.6608
USC00380448,33.3022,-81.0297
USC00381277,34.0906,-82.5883
USC00381462,34.8572,-80.9133
USC00381633,34.6844,-81.1956
USC00381726,33.6633,-82.1897
USC00381770,34.6603,-82.8233
USC00381944,33.9914,-81.0242
USC00383700,34.5589,-80.8911
USC00384607,33.7775,-81.8467
USC00385017,34.4989,-82.0219
USC00385200,34.1994,-81.4144
USC00385232,34.7794,-81.4564
USC00386527,33.4889,-80.8742
USC00386775,33.7717,-81.2581
USC00386831,34.8814,-82.7189
USC00387631,33.9919,-81.7714
USC00387722,34.635,-81.5206
USC00388188,34.9078,-81.9139
USC00388887,34.7544,-83.075
USC00389327,34.3706,-81.0825
USC00389350,34.9389,-81.0331
USC00389412,34.7636,-82.1061
USC00389469,32.7019,-80.8517
USW00003820,33.3644,-81.9633
USW00003822,32.13,-81.21
USW00003870,34.8831,-82.2203
USW00013870,31.5358,-82.5067
USW00013873,33.9481,-83.3275
USW00013874,33.63,-84.4417
USW00013878,31.1522,-81.3908
USW00013889,30.4844,-81.7019
USW00093805,30.3975,-84.3289
USW00093846,34.4978,-82.7097
USC00130157,42.7536,-92.8022
USC00131402,43.0603,-92.6717
USC00131954,43.3894,-92.0939
USC00132110,43.3042,-91.7953
USC00132364,42.54,-90.6461
USC00132603,42.7753,-91.4536
USC00132864,42.8825,-91.8303
USC00133517,42.7858,-91.0958
USC00135952,43.0453,-92.3122
USC00136305,43.2794,-92.8106
USC00138339,42.8125,-92.2575
USC00200718,46.5869,-89.5475
USC00203744,46.6653,-88.3772
USC00204090,45.7858,-88.0842
USC00204104,46.4656,-90.1892
USC00207812,46.0556,-88.6275
USC00211630,46.7053,-92.5239
USC00212486,44.0969,-92.2703
USC00213290,43.7047,-92.5644
USC00213520,43.5458,-92.0122
USC00214418,43.8658,-91.31
USC00215488,44.16,-91.8122
USC00215598,46.4378,-92.7578
USC00216654,43.6725,-92.0747
USC00216817,44.5711,-92.5283
USC00216822,44.6103,-92.61
USC00218419,47.0258,-91.6653
USC00218552,44.385,-92.0486
USC00219072,44.0875,-91.6703
USC00470124,44.3272,-91.9194
USC00470175,45.3011,-92.3631
USC00470265,44.2769,-88.4378
USC00470273,43.0411,-89.4286
USC00470308,43.3008,-89.3269
USC00470486,44.9633,-92.3906
USC00470516,43.4583,-89.7269
USC00470645,43.4447,-88.8478
USC00470696,42.5039,-89.0311
USC00470904,45.0908,-91.4864
USC00471064,44.1614,-88.0803
USC00471078,42.6333,-89.3867
USC00471205,42.6508,-88.2544
USC00471416,43.0597,-89.4819
USC00471568,44.0328,-88.1469
USC00471667,42.5492,-88.8753
USC00471676,44.6228,-88.7483
USC00471847,45.8003,-91.4594
USC00471923,45.5331,-92.0225
USC00472173,42.9608,-90.1161
USC00472447,44.7722,-89.7675
USC00472556,44.7303,-92.4586
USC00472839,43.7953,-88.4533
USC00472869,42.905,-88.8589
USC00473038,43.5706,-91.2294
USC00473058,43.2389,-88.1222
USC00473186,46.245,-91.8047
USC00473332,46.4858,-90.4372
USC00473405,44.1186,-89.5358
USC00473453,43.3311,-88.4114
USC00473756,43.4406,-88.6325
USC00474174,42.5608,-87.8156
USC00474546,42.8278,-90.7889
USC00474582,45.5119,-88.7594
USC00474894,45.5733,-92.4853
USC00474937,43.2117,-91.0986
USC00475091,45.0983,-87.6236
USC00475120,44.6411,-90.1333
USC00475164,44.1747,-90.3483
USC00475178,43.79,-90.0597
USC00475255,45.1308,-90.3439
USC00475335,44.8742,-91.9364
USC00475364,45.1786,-89.6617
USC00475474,43.0719,-88.0294
USC00475516,45.8864,-89.7322
USC00475563,44.5647,-91.6719
USC00475573,42.5994,-89.6681
USC00475581,43.7806,-89.3169
USC00475808,44.5378,-90.535
USC00476200,43.1003,-88.5036
USC00476208,44.8919,-87.955
USC00476280,43.7194,-90.53
USC00476330,44.0206,-88.5578
USC00476357,44.98,-90.5545
USC00476678,43.73,-87.9714
USC00476718,43.5278,-89.4342
USC00476827,43.0514,-91.135
USC00476922,42.7022,-87.7861
USC00477113,45.5986,-89.4508
USC00477132,45.4167,-91.7725
USC00477174,45.2142,-91.8875
USC00477226,44.8544,-92.6122
USC00477349,44.7511,-89.245
USC00477464,45.4117,-92.6467
USC00477708,44.7631,-88.6183
USC00478027,45.8236,-91.8761
USC00478171,44.5114,-89.5853
USC00478241,44.8175,-90.09
USC00478267,44.88,-87.3358
USC00478349,46.7269,-92.0719
USC00478589,43.9994,-91.4378
USC00478672,44.1431,-87.5678
USC00478723,42.6903,-88.0336
USC00478827,43.5594,-90.8761
USC00478905,45.3583,-86.8911
USC00478919,43.1742,-88.7364
USC00478951,44.3547,-89.0594
USC00479190,42.8508,-88.7247
USC00479236,45.7086,-89.8483
USC00479319,43.6089,-89.7667
USC00479345,44.3994,-89.8306
USW00014837,43.1406,-89.3453
USW00014839,42.955,-87.9044
USW00014897,44.9258,-89.6256
USW00014898,44.4983,-88.1111
USW00014913,46.8369,-92.2097
USW00014920,43.8789,-91.2528
USW00014925,43.9042,-92.4917
USW00014991,44.8664,-91.4878
USW00014995,45.7728,-92.6886
USW00094850,46.5311,-87.5483
USW00094910,42.5544,-92.4011
USC00079605,39.7739,-75.5414
USC00283029,40.5739,-74.8817
USC00284229,39.7994,-74.7806
USC00287301,40.7369,-74.7322
USC00300093,42.1003,-78.7497
USC00301168,42.1944,-76.3128
USC00301413,42.0025,-76.6383
USC00302610,42.0997,-76.8358
USC00304731,41.8017,-74.74
USC00304808,42.2472,-78.8125
USC00306196,42.0736,-78.4517
USC00306356,42.0811,-76.3178
USC00309072,42.1172,-77.9475
USC00309425,42.0597,-77.7553
USC00360022,40.5361,-79.8153
USC00360140,40.495,-78.4667
USC00360656,39.9347,-77.2547
USC00360861,40.3917,-79.8594
USC00360868,41.8981,-78.7144
USC00361139,40.8414,-79.9164
USC00361212,41.6517,-76.8464
USC00361354,39.9353,-77.6394
USC00361377,40.1467,-79.8986
USC00361480,41.0489,-77.9411
USC00361705,39.7994,-79.3664
USC00361726,39.9969,-79.5964
USC00361737,40.0744,-75.3178
USC00361833,41.7375,-77.1158
USC00362190,40.1636,-79.8694
USC00362470,40.4681,-78.7289
USC00362721,40.0136,-78.3653
USC00362942,40.715,-79.5133
USC00363028,41.4003,-79.8306
USC00363130,41.7356,-77.6517
USC00363311,41.5631,-78.6014
USC00363321,40.0961,-75.7514
USC00363343,40.5514,-80.2167
USC00363437,40.2306,-75.4353
USC00363632,40.5517,-75.9911
USC00363758,41.4764,-75.1653
USC00364214,40.5972,-79.1186
USC00364325,41.4992,-80.4681
USC00364432,41.6767,-78.8036
USC00364763,40.05,-76.2742
USC00364778,40.1192,-76.4264
USC00364896,40.3333,-76.4667
USC00364992,40.5864,-77.5692
USC00365050,41.6458,-80.425
USC00365109,41.1311,-77.4336
USC00365344,40.8344,-76.1353
USC00365686,39.7808,-79.0411
USC00365790,40.8847,-77.475
USC00365902,40.6475,-80.3861
USC00366151,40.6142,-79.7192
USC00366194,40.1483,-74.953
USC00366233,41.0172,-80.3614
USC00366289,39.7342,-76.5039
USC00366508,39.8,-76.05
USC00366955,40.0333,-77.3
USC00367029,41.7394,-75.4464
USC00367103,41.8158,-78.2872
USC00367229,40.9247,-79.2825
USC00367409,41.33,-77.7381
USC00367477,41.4197,-78.7492
USC00367735,40.7819,-79.2375
USC00367782,40.51,-79.5458
USC00367863,40.6831,-79.6683
USC00367931,40.7831,-76.8617
USC00368057,41.1831,-76.1489
USC00368073,40.0589,-77.5214
USC00368184,41.0561,-80.0594
USC00368244,39.9969,-79.0833
USC00368308,39.8583,-77.4775
USC00368379,39.8692,-76.8636
USC00368449,40.7933,-77.8672
USC00368469,41.4039,-78.0183
USC00368596,41.0147,-75.2069
USC00368692,41.9478,-75.6047
USC00368873,41.4792,-79.4433
USC00368888,41.63,-79.6931
USC00368905,41.7511,-76.4431
USC00369050,39.915,-79.7192
USC00369298,41.8467,-79.1494
USC00369367,39.8986,-80.1656
USC00369823,40.0394,-78.5239
USC00369950,40.1139,-76.7122
USC00465002,39.7203,-79.8561
USW00004725,42.1997,-75.985
USW00004751,41.8031,-78.6403
USW00004787,41.1783,-78.8989
USW00013739,39.8683,-75.2311
USW00014736,40.2964,-78.3203
USW00014737,40.6508,-75.4492
USW00014777,41.3336,-75.7269
USW00014860,42.08,-80.1825
USC00030240,34.025,-91.3444
USC00030936,34.8822,-91.2153
USC00031962,33.5597,-91.385
USC00031968,34.9772,-91.4978
USC00032148,33.8886,-91.5317
USC00032355,33.1144,-91.2628
USC00033242,34.5211,-90.59
USC00034638,34.7392,-90.7664
USC00035866,33.2511,-91.5058
USC00036253,33.8103,-91.2778
USC00036920,34.4744,-91.4172
USC00160021,30.4372,-90.0519
USC00160558,30.4494,-91.0478
USC00161565,30.1981,-91.1256
USC00161899,30.8178,-90.9733
USC00162350,30.4803,-90.9614
USC00163695,30.2033,-90.9225
USC00165090,32.8067,-91.173
USC00165438,30.5197,-90.7544
USC00165620,30.3644,-91.1672
USC00166686,30.7267,-91.3672
USC00167366,30.3214,-91.2517
USC00167448,30.4508,-91.2183
USC00168163,31.9497,-91.2336
USC00168539,30.265,-89.7697
USC00168923,32.3994,-91.1842
USC00220237,34.7803,-90.1153
USC00220290,34.8492,-89.1597
USC00220955,34.6344,-88.5622
USC00221094,31.5447,-90.4581
USC00221174,31.5475,-88.5172
USC00221314,33.8592,-89.3136
USC00221707,34.1864,-90.5572
USC00221804,33.9803,-89.6714
USC00221852,31.6419,-89.5572
USC00221860,32.42,-88.7603
USC00221865,31.2503,-89.8361
USC00221962,34.8792,-88.6178
USC00222046,33.2783,-88.7061
USC00222385,31.9544,-89.9328
USC00222773,34.1606,-89.9019
USC00223700,34.4886,-88.7019
USC00223887,31.2547,-89.3392
USC00223920,31.8328,-90.4542
USC00223975,34.8039,-90.0103
USC00224001,34.6189,-89.1911
USC00224377,34.6989,-89.8214
USC00224869,34.2044,-90.2908
USC00224939,31.6756,-89.1236
USC00225943,31.8375,-89.5975
USC00226009,33.4517,-90.5097
USC00226177,31.5889,-91.3408
USC00226308,32.3378,-89.0817
USC00226476,32.2061,-90.5133
USC00226894,32.7692,-89.1303
USC00227066,34.9231,-89.9403
USC00227111,34.1381,-88.9983
USC00227128,30.8408,-89.5453
USC00227220,31.1775,-89.4156
USC00227560,32.8978,-90.8853
USC00227840,30.6264,-89.055
USC00228556,31.4222,-89.5386
USC00228998,34.7281,-90.3683
USC00229079,34.3725,-89.5308
USC00229326,32.5972,-89.4606
USC00229439,31.6772,-88.6708
USC00229743,33.4847,-89.6244
USC00229860,32.9028,-90.3817
USW00013970,30.5372,-91.1469
USW00013978,33.4964,-90.0867
USW00093862,34.2622,-88.7714
USW00093919,31.1828,-90.4708
USC00030746,36.1367,-91.1172
USC00031132,36.1092,-92.1636
USC00031632,36.4197,-90.5858
USC00032366,36.0803,-91.6147
USC00033600,36.0056,-93.1878
USC00034106,36.4194,-92.9158
USC00034572,36.4947,-91.535
USC00034746,36.0822,-91.9822
USC00035036,36.3458,-92.3939
USC00035428,36.4311,-93.2044
USC00035563,36.0336,-90.4978
USC00035820,36.2642,-90.9683
USC00036380,36.4547,-90.1458
USC00036403,36.3561,-91.8036
USC00110598,40.3444,-91.1125
USC00113666,39.3425,-90.2061
USC00113940,40.3031,-90.0647
USC00114089,38.7603,-89.6564
USC00114442,39.7347,-90.1978
USC00114489,39.1025,-90.3431
USC00114823,40.5839,-90.9686
USC00115539,39.1561,-90.1392
USC00117126,39.1481,-89.1022
USC00118870,39.9494,-90.2083
USC00119241,39.4408,-90.3789
USC00134381,40.3967,-91.375
USC00140957,39.0636,-94.8961
USC00141612,38.9408,-95.3397
USC00142388,39.53,-95.3967
USC00142835,37.8422,-94.7083
USC00142945,37.4856,-95.3519
USC00143008,38.28,-95.2178
USC00143759,39.4578,-95.755
USC00143810,39.6678,-95.52
USC00143954,37.2364,-95.7003
USC00143984,37.9233,-95.4242
USC00144559,38.9583,-95.2514
USC00144675,38.08,-95.6397
USC00145536,37.1872,-95.4508
USC00146084,38.5019,-94.9597
USC00146128,38.6133,-95.2808
USC00146242,37.3678,-95.2881
USC00146333,39.1175,-95.41
USC00146414,37.39,-94.7025
USC00148156,39.0314,-95.0522
USC00148250,39.8283,-95.0881
USC00148341,39.3033,-95.4861
USC00149080,37.8833,-95.7278
USC00230143,39.8914,-94.36
USC00230204,38.1872,-94.0283
USC00230304,37.2614,-93.5914
USC00230608,40.2575,-94.0269
USC00230657,37.0539,-93.5756
USC00230789,37.6164,-93.3914
USC00230856,39.3444,-91.1708
USC00230980,39.765,-93.0594
USC00231145,38.2611,-94.405
USC00231189,38.6278,-92.5545
USC00231275,40.1433,-91.5158
USC00231340,39.3594,-93.4886
USC00231580,39.775,-93.5358
USC00231711,38.395,-93.7711
USC00231773,39.5317,-93.5289
USC00231822,40.2394,-94.6833
USC00231837,38.9783,-93.5703
USC00232240,36.9858,-94.3553
USC00232289,36.6206,-90.8125
USC00232302,36.7397,-92.2086
USC00232503,38.3486,-92.5811
USC00232511,37.8642,-94.0156
USC00232591,39.1561,-90.7833
USC00233038,37.5742,-90.3075
USC00233043,38.4583,-91.7028
USC00233079,38.8483,-91.9419
USC00233568,39.7425,-94.0347
USC00233601,39.7233,-91.3747
USC00234136,38.0997,-92.3097
USC00234226,37.3781,-89.6678
USC00234271,38.5853,-92.1825
USC00234544,40.2058,-92.5747
USC00234694,38.2042,-92.6233
USC00234705,37.5983,-94.2842
USC00234825,37.685,-92.6939
USC00234919,37.5544,-91.8831
USC00235027,37.3908,-93.9492
USC00235227,37.1086,-92.5789
USC00235253,37.3036,-89.9664
USC00235307,37.3378,-92.9097
USC00235340,40.3458,-94.8342
USC00235578,40.2211,-93.1097
USC00235671,39.4194,-92.4369
USC00235704,36.8617,-93.9625
USC00235834,37.1542,-92.2619
USC00235976,36.865,-94.3603
USC00235987,37.8394,-94.3739
USC00236012,39.0172,-92.7558
USC00236402,38.0492,-93.7039
USC00236452,37.0194,-93.2339
USC00236460,36.6744,-93.1075
USC00236563,40.0147,-94.1294
USC00237263,37.9567,-91.7761
USC00237398,38.6856,-90.5231
USC00237506,37.6339,-91.5361
USC00237514,39.4247,-92.8106
USC00237578,39.6361,-91.2494
USC00237632,38.6753,-93.2228
USC00237720,39.6828,-92.0464
USC00237963,40.2472,-93.7158
USC00238051,39.97,-91.8875
USC00238082,37.6967,-93.7725
USC00238184,37.14,-91.6269
USC00238313,36.5967,-92.2617
USC00238777,37.8131,-92.2317
USW00003945,38.8169,-92.2183
USW00003947,39.2972,-94.7306
USW00013802,38.52,-89.8467
USW00013971,36.2667,-93.1567
USW00013981,37.6703,-95.4842
USW00013987,37.1467,-94.5022
USW00013988,39.1208,-94.5969
USW00013994,38.7525,-90.3736
USW00013995,37.2353,-93.4003
USW00013996,39.0725,-95.6261
USW00093822,39.8447,-89.6839
USW00093989,39.9369,-91.1919
USC00310286,35.7083,-79.8381
USC00310982,36.2139,-81.6456
USC00311081,35.7428,-81.8361
USC00311285,36.1414,-78.7736
USC00311538,35.5119,-81.6189
USC00311606,34.9833,-76.3
USC00311677,35.9086,-79.0794
USC00311881,35.0247,-78.2758
USC00311975,35.4111,-80.5833
USC00312102,35.0603,-83.43
USC00312200,35.3117,-83.1747
USC00312238,36.43,-80.1789
USC00312500,35.3247,-78.6881
USC00312631,36.4742,-79.7433
USC00312635,36.0164,-76.5517
USC00312719,36.3097,-76.205
USC00312740,36.2547,-80.8639
USC00313017,35.0583,-78.8583
USC00313106,35.4267,-82.5569
USC00313356,35.2672,-81.1436
USC00313555,36.0503,-79.3728
USC00313565,36.0964,-81.8311
USC00313638,35.64,-77.3983
USC00313784,34.8872,-79.6922
USC00313976,35.3297,-82.4492
USC00314063,35.9672,-79.9722
USC00314456,36.3964,-77.4239
USC00314464,35.1858,-79.6772
USC00314496,36.4175,-81.4297
USC00314684,35.1967,-77.5433
USC00314689,35.2975,-77.5722
USC00314788,35.0967,-82.9508
USC00314860,34.7508,-79.4664
USC00314938,35.9147,-81.5375
USC00314962,36.1325,-77.1708
USC00314970,35.8458,-80.2597
USC00314996,35.4606,-81.3297
USC00315116,34.0106,-78.5464
USC00315356,35.8033,-82.6658
USC00315771,34.9797,-80.5233
USC00315830,34.7336,-76.7358
USC00315838,35.7297,-81.6728
USC00315890,36.4961,-80.6522
USC00315913,35.3339,-80.9867
USC00315923,35.7586,-82.2711
USC00316001,35.0714,-83.9683
USC00316236,35.6631,-82.3444
USC00316256,36.1639,-81.1536
USC00316805,35.2719,-82.6475
USC00316853,35.8722,-76.6592
USC00317079,35.7944,-78.6989
USC00317202,36.3797,-79.6944
USC00317229,35.7747,-81.4372
USC00317319,36.4783,-77.6717
USC00317395,35.9517,-77.8189
USC00317400,35.8936,-77.6805
USC00317486,35.1369,-82.8203
USC00317516,36.3464,-78.8858
USC00317615,35.6836,-80.4822
USC00317618,35.6967,-80.6225
USC00317656,35.5347,-79.0464
USC00317845,35.3111,-81.5708
USC00317924,35.7606,-79.4622
USC00317994,35.5172,-78.3442
USC00318292,35.81,-80.8808
USC00318500,35.8847,-77.5386
USC00318694,36.4003,-81.3053
USC00318744,35.2058,-82.2517
USC00318778,35.9064,-80.8142
USC00318964,34.9586,-80.0781
USC00319123,35.7744,-83.0997
USC00319147,35.4867,-82.9681
USC00319357,34.4094,-78.7914
USC00319440,35.8528,-77.0306
USC00319467,34.3208,-77.9206
USC00319476,35.6939,-77.9461
USC00319555,36.1308,-81.2275
USC00319675,36.1306,-80.5481
USC00381588,34.7028,-79.8822
USC00381804,35.0269,-82.5014
USC00382260,34.3011,-79.8767
USC00383216,35.0217,-81.0075
USC00383433,35.1383,-81.5969
USC00385633,34.7056,-79.5683
USC00386293,35.0317,-81.4928
USC00388440,33.9364,-80.3569
USC00402934,36.1422,-82.4261
USC00403420,35.6878,-83.5372
USC00403679,36.1056,-82.8436
USC00404946,35.8983,-83.9569
USC00405158,35.7875,-84.2622
USC00406271,36.2067,-83.3325
USC00406534,35.9833,-83.2008
USC00407884,36.4161,-82.9839
USC00408179,35.9297,-83.5983
USC00408868,36.465,-83.5603
USW00003810,35.7425,-81.3819
USW00003812,35.4319,-82.5375
USW00003841,36.0028,-84.2486
USW00013722,35.8922,-78.7819
USW00013723,36.0969,-79.9433
USW00013744,34.1853,-79.7239
USW00013748,34.2675,-77.8997
USW00013754,34.9,-76.8833
USW00013872,35.5953,-82.5567
USW00013877,36.4731,-82.4044
USW00013881,35.2236,-80.9553
USW00013891,35.8181,-83.9858
USW00093719,35.0678,-77.0481
USW00093727,34.7,-77.3833
USW00093729,35.2325,-75.6219
USC00340755,36.5297,-97.4472
USC00340818,36.8047,-97.2764
USC00340908,36.7236,-102.4806
USC00343489,36.85,-100.0569
USC00343628,36.5914,-101.6181
USC00344019,36.5381,-98.2661
USC00347390,36.5044,-96.7439
USC00349404,36.5758,-98.8797
USW00003959,36.7683,-96.0261
USW00013969,36.7367,-97.1019
USC00182282,39.6419,-78.7561
USC00183415,39.6597,-78.9361
USC00188065,39.51,-79.14
USC00440243,37.3261,-78.8275
USC00440766,37.2039,-80.4144
USC00441593,38.0328,-78.5225
USC00441955,37.2819,-78.9592
USC00442044,37.8111,-79.9883
USC00442142,37.6664,-77.8769
USC00442208,38.4547,-78.9353
USC00442941,37.3264,-78.3864
USC00443310,37.9458,-79.9542
USC00444676,37.2392,-80.1994
USC00444876,37.7767,-79.4386
USC00445050,38.0422,-78.0061
USC00445096,38.6661,-78.3728
USC00445595,38.3064,-79.7197
USC00446491,37.8142,-78.2644
USC00446712,38.2322,-78.1203
USC00448022,37.2786,-80.6889
USC00448062,38.1692,-79.0844
USC00448600,37.6364,-78.9336
USC00449263,38.8969,-78.4678
USC00460102,37.7272,-80.6583
USC00460527,39.2728,-79.3683
USC00460580,37.7647,-81.1942
USC00461215,38.1872,-80.1336
USC00461220,38.9803,-80.22
USC00461324,39.5094,-78.2975
USC00461677,39.2683,-80.3522
USC00462920,39.4583,-80.1353
USC00463798,38.6194,-80.3822
USC00465365,38.1933,-81.37
USC00465563,38.1025,-81.8464
USC00465600,37.7447,-81.8872
USC00467029,37.5742,-81.5356
USC00467730,39.3389,-78.7711
USC00468308,38.3989,-79.995
USC00468614,38.2203,-80.8939
USC00468777,39.4467,-79.5469
USC00469281,39.1058,-78.5808
USC00469522,37.7883,-80.3083
USW00003859,37.2958,-81.2078
USW00003872,37.7836,-81.1231
USW00013729,38.8853,-79.8528
USW00013733,37.3208,-79.2067
USW00013734,39.4019,-77.9844
USW00013736,39.6428,-79.9164
USW00013741,37.3169,-79.9742
USW00013866,38.3794,-81.59
USC00060299,41.9211,-72.9636
USC00060973,41.7944,-72.9319
USC00065445,41.9725,-73.2208
USC00065910,41.5269,-72.0642
USC00190120,42.3861,-72.5375
USC00192107,42.1103,-72.1269
USC00198278,42.4447,-72.5528
USC00198573,42.6394,-72.2244
USC00198793,42.2622,-72.2483
USC00274399,42.9389,-72.3247
USC00275868,43.3772,-72.1811
USC00280927,40.5561,-74.5717
USC00281335,40.7436,-74.3539
USC00282023,40.6667,-74.3236
USC00286460,41.0356,-74.5011
USC00300055,43.2631,-78.1986
USC00300183,42.3108,-78.0231
USC00300331,42.7339,-76.6592
USC00300343,42.9203,-77.7558
USC00300443,43.0297,-78.1683
USC00300785,43.4361,-75.3697
USC00300889,40.9519,-72.2981
USC00301152,42.845,-77.2808
USC00301664,44.5842,-74.9572
USC00301752,42.7167,-74.9267
USC00301966,44.7192,-73.7206
USC00301974,42.5647,-77.7175
USC00302574,44.9131,-73.8222
USC00303025,42.3294,-78.4636
USC00303050,42.5192,-76.3311
USC00303184,42.8767,-77.0308
USC00303346,44.3539,-75.5122
USC00303773,42.7742,-77.6083
USC00303851,43.5753,-75.5208
USC00303983,42.3489,-77.7044
USC00304102,43.7547,-74.2756
USC00304174,42.4492,-76.4492
USC00304912,43.7928,-75.4828
USC00304996,44.8419,-74.3081
USC00305113,42.4694,-75.0106
USC00305426,41.7681,-74.155
USC00305714,43.9708,-74.2219
USC00306047,43.0572,-78.8617
USC00306085,42.5117,-75.5197
USC00306314,43.4622,-76.4933
USC00306538,44.5656,-73.5706
USC00307134,40.9619,-72.7158
USC00307329,42.4261,-78.1922
USC00307484,43.0411,-73.8211
USC00307705,42.6772,-75.5067
USC00308600,42.7508,-73.6856
USC00308962,42.6856,-78.2203
USC00309000,43.9761,-75.8753
USC00309292,41.3906,-73.9608
USC00431433,43.7064,-72.9617
USC00435416,44.5247,-72.8153
USC00435542,44.9489,-72.1911
USC00436335,43.2628,-72.9056
USC00436893,43.8578,-72.8045
USC00436995,43.6253,-72.9781
USC00437054,44.42,-72.0194
USC00437607,44.6264,-73.3031
USW00004781,40.7939,-73.1017
USW00014732,40.7794,-73.8803
USW00014733,42.9486,-78.7369
USW00014734,40.6825,-74.1694
USW00014735,42.7431,-73.8092
USW00014742,44.4683,-73.15
USW00014750,43.35,-73.6167
USW00014752,41.7361,-72.6506
USW00014768,43.1167,-77.6767
USW00014771,43.1111,-76.1039
USW00094705,44.2033,-72.5794
USW00094725,44.9358,-74.8458
USW00094728,40.7789,-73.9692
USW00094745,41.0669,-73.7075
USW00094746,42.2706,-71.8731
USW00094789,40.6386,-73.7622
USW00094790,43.9922,-76.0217
USC00111577,41.7372,-87.7775
USC00112140,40.1392,-87.6478
USC00112145,40.1019,-87.5961
USC00114198,40.4664,-87.685
USC00116610,39.6186,-87.6672
USC00116616,41.4947,-87.6803
USC00116725,41.3339,-87.7892
USC00117952,39.9678,-87.8228
USC00120177,40.1117,-85.7164
USC00120200,41.6639,-85.0183
USC00120676,40.6683,-84.93
USC00120784,39.1742,-86.5214
USC00120830,40.8142,-85.1547
USC00120877,39.3853,-87.04
USC00121030,39.4239,-85.0144
USC00121739,41.1453,-85.4897
USC00121747,39.1661,-85.9228
USC00122096,40.8483,-84.93
USC00122825,40.2539,-85.1483
USC00123082,40.2986,-86.5067
USC00123418,41.5575,-85.8825
USC00123527,39.7858,-85.7611
USC00123547,39.3475,-85.4892
USC00123777,40.4356,-85.2892
USC00124181,40.8556,-85.4981
USC00124662,40.4583,-86.1758
USC00124715,40.2964,-86.9028
USC00124837,41.6117,-86.7297
USC00125117,40.7478,-86.3878
USC00125174,41.2647,-87.4178
USC00125337,40.58,-85.6586
USC00125407,39.4039,-86.453
USC00126023,40.1825,-85.3497
USC00126164,39.8942,-85.3953
USC00126830,40.0739,-87.5067
USC00127069,40.4175,-84.9925
USC00127370,39.8544,-84.8778
USC00127482,41.0664,-86.2097
USC00127522,39.7594,-87.2269
USC00127646,39.6042,-85.4533
USC00128290,39.2839,-86.7706
USC00129222,41.4439,-86.9294
USC00129430,40.475,-86.9919
USC00129557,39.9961,-86.3542
USC00129670,41.0267,-86.5867
USW00014827,40.9706,-85.2064
USW00014835,40.4122,-86.9369
USW00014848,41.7072,-86.3164
USW00094895,40.2342,-85.3936
USC00140010,38.9267,-97.2128
USC00140135,38.4694,-99.5519
USC00140195,38.8664,-96.4892
USC00140365,37.1942,-99.7633
USC00140439,39.7994,-101.0422
USC00140441,39.6981,-101.0039
USC00140532,39.1775,-98.0414
USC00140676,37.8261,-99.6542
USC00140682,39.8186,-97.6378
USC00140693,39.4575,-98.1125
USC00140911,39.6769,-96.6631
USC00141003,39.8911,-96.7117
USC00141057,38.7711,-97.8564
USC00141104,37.5433,-99.6383
USC00141141,38.1972,-99.5289
USC00141173,38.0781,-96.8878
USC00141202,38.6453,-96.3506
USC00141233,37.0403,-97.61
USC00141351,38.0211,-96.6036
USC00141371,39.5067,-98.4305
USC00141383,38.7978,-99.7231
USC00141522,37.8133,-100.3456
USC00141536,38.5214,-98.5358
USC00141559,39.3739,-97.1275
USC00141699,39.3925,-101.0689
USC00141704,37.2733,-99.3289
USC00141730,38.8972,-100.1136
USC00141795,37.3569,-97.6944
USC00141858,38.3703,-96.5483
USC00141867,38.6758,-96.5097
USC00141875,39.2425,-98.8678
USC00142401,37.8183,-96.8444
USC00142432,37.0058,-101.8867
USC00142452,38.9486,-99.5647
USC00142459,38.7297,-98.225
USC00142622,37.8253,-96.2644
USC00142980,37.9931,-100.8122
USC00143218,38.3614,-98.8281
USC00143239,37.6025,-99.3022
USC00143323,39.8789,-97.3133
USC00143527,38.8586,-99.3358
USC00143554,38.6003,-100.6197
USC00143594,38.6656,-96.9494
USC00143665,39.3619,-99.8278
USC00143667,38.3569,-97.2025
USC00143822,37.4664,-96.2714
USC00143837,39.3569,-100.4417
USC00143847,38.1042,-98.6592
USC00143855,37.1639,-101.34
USC00143930,37.9311,-98.0297
USC00143974,38.1869,-97.8417
USC00144087,38.1964,-99.9175
USC00144161,38.0586,-100.2986
USC00144178,38.6078,-97.9597
USC00144313,37.6453,-98.125
USC00144464,37.9411,-101.2492
USC00144695,37.0308,-100.9069
USC00144712,39.0294,-98.13
USC00144735,38.5867,-97.6083
USC00144775,39.6658,-99.5772
USC00144812,37.3833,-96.0814
USC00144821,38.6544,-99.2036
USC00144972,39.1972,-96.5814
USC00145039,38.3778,-97.0753
USC00145063,39.8383,-96.6364
USC00145132,39.0542,-96.2367
USC00145152,38.3772,-97.6097
USC00145306,39.0744,-96.8983
USC00145363,39.1247,-97.7047
USC00145539,37.8658,-97.6647
USC00145628,39.185,-99.025
USC00145692,38.4539,-99.8947
USC00145744,38.0231,-97.3553
USC00145787,39.8133,-100.2417
USC00145856,39.7408,-99.8361
USC00145870,37.4553,-97.8483
USC00145888,39.1131,-100.9447
USC00145906,39.8228,-100.5164
USC00145920,37.8244,-99.5506
USC00146169,37.2736,-97.1694
USC00146305,37.4347,-97.3922
USC00146524,37.9411,-97.0222
USC00146549,37.6731,-98.7761
USC00146685,38.6533,-99.9003
USC00146787,39.4572,-100.7572
USC00146813,37.2294,-101.9511
USC00146979,37.8236,-96.6383
USC00147093,39.7675,-101.8067
USC00147095,39.8306,-101.9189
USC00147271,38.4747,-100.9175
USC00147305,37.1322,-96.18
USC00147397,38.8961,-101.7514
USC00147542,39.7772,-98.7783
USC00147796,38.2144,-98.2078
USC00147904,39.4706,-100.2186
USC00147922,37.4414,-100.9792
USC00148038,37.9928,-101.7417
USC00148235,38.4661,-101.7731
USC00148245,37.8236,-99.0781
USC00148259,39.2475,-96.5994
USC00148287,37.5983,-101.2908
USC00148436,37.9831,-96.0086
USC00148495,39.0147,-99.8722
USC00148563,39.2142,-96.3703
USC00148578,39.8089,-97.055
USC00148670,37.2678,-97.4194
USC00148946,38.9667,-98.4889
USC00148964,37.2886,-96.9408
USC00148988,39.0589,-101.2439
USW00003919,38.8,-97.65
USW00003928,37.6544,-97.4425
USW00013980,37.155,-98.0283
USW00013984,39.5514,-97.6508
USW00013985,37.7608,-99.9683
USW00023064,37.9272,-100.7247
USW00023065,39.3669,-101.7
USW00093997,38.8761,-98.8092
USC00271647,44.8611,-71.5392
USC00274329,44.4169,-71.5008
USC00274556,44.4958,-71.5767
USC00275712,42.7914,-71.4736
USW00014745,43.1953,-71.5011
CA006020559,48.6333,-93.9667
USC00210075,43.6064,-93.3019
USC00210252,48.3311,-96.8253
USC00210287,45.3856,-96.1258
USC00210355,43.6542,-92.9739
USC00210667,45.3167,-95.6167
USC00210939,46.3433,-94.2086
USC00210989,47.2472,-91.8625
USC00211263,44.7183,-96.2697
USC00211374,47.3847,-94.6147
USC00211691,45.5794,-94.3919
USC00211891,47.8014,-96.6031
USC00212038,44.9317,-96.045
USC00212881,45.3397,-92.9125
USC00213174,45.6583,-95.4392
USC00213303,47.2436,-93.4975
USC00214106,47.2256,-95.1919
USC00214176,44.65,-93.6356
USC00214534,43.9983,-95.9494
USC00214546,44.2394,-95.3153
USC00214652,47.2467,-94.2228
USC00214861,45.9647,-94.8892
USC00215204,44.4717,-95.7903
USC00215325,45.6772,-94.8019
USC00215392,45.7533,-93.6617
USC00215400,45.1219,-95.9269
USC00215563,44.9342,-95.7458
USC00215615,45.8775,-93.3147
USC00215638,45.59,-95.8744
USC00216287,44.0975,-93.2317
USC00216547,46.6694,-94.1089
USC00216565,44.0139,-96.3258
USC00216787,47.8878,-96.2658
USC00217020,45.0897,-93.74
USC00217405,44.3222,-93.9656
USC00217502,45.5458,-93.7572
USC00218311,47.7817,-92.2783
USC00218323,44.2394,-95.6308
USC00218450,44.9903,-93.18
USC00218692,44.0708,-93.5264
USC00219033,43.8769,-95.1158
USC00219046,43.7639,-94.1661
USC00219059,47.4306,-94.0586
USC00219170,43.645,-95.5803
USC00219173,46.6803,-92.9542
USC00323621,47.9217,-97.0975
USC00325186,46.0725,-97.1461
USC00325754,46.3911,-97.2392
USW00014914,46.9253,-96.8111
USW00014916,47.9428,-97.1839
USW00014918,48.5614,-93.3981
USW00014922,44.8831,-93.2289
USW00014926,45.5433,-94.0514
USW00014992,44.5483,-95.0803
USW00094931,47.3864,-92.8389
USW00094967,46.9006,-95.0678
USC00320382,46.0406,-99.3742
USC00320941,48.8217,-100.4528
USC00320995,46.1936,-103.3714
USC00321435,48.8625,-97.7014
USC00321477,46.7958,-97.2686
USC00321816,47.24,-98.5847
USC00321871,48.9144,-103.2978
USC00322304,48.0475,-100.31
USC00323287,46.1581,-98.4
USC00323826,46.025,-99.9911
USC00324571,47.8967,-102.9208
USC00325230,46.6611,-98.2267
USC00325479,46.8128,-100.9097
USC00325638,47.8214,-101.2922
USC00325710,47.4825,-100.4444
USC00325730,47.5808,-98.6422
USC00325993,48.1803,-101.2964
USC00326105,46.7006,-98.5839
USC00326255,46.5067,-99.7692
USC00326315,46.5414,-102.8692
USC00326365,46.8925,-101.4897
USC00327027,48.0356,-98.0097
USC00327311,46.1758,-101.8561
USC00327530,46.8886,-102.3192
USC00328065,46.2331,-101.1292
USC00328792,48.3706,-100.3908
USC00328840,47.5214,-100.8883
USC00328872,47.455,-101.1461
USC00328913,48.6147,-100.7264
USC00329430,48.1375,-103.7372
USC00329445,48.6061,-100.2911
USW00014919,46.9258,-98.6692
USW00014924,48.9711,-97.2417
USW00024012,46.7994,-102.7972
USW00024013,48.2553,-101.2733
USW00094014,48.1739,-103.6367
USC00020080,32.3697,-112.86
USC00020100,34.2281,-113.5778
USC00020159,33.8492,-109.1469
USC00020287,31.9792,-111.3836
USC00020672,36.9139,-113.9422
USC00020750,36.6778,-110.5411
USC00020808,33.4783,-109.7517
USC00020949,33.9431,-114.0242
USC00021248,36.1533,-109.5394
USC00021314,32.9947,-111.5367
USC00021330,32.2617,-110.3481
USC00022109,34.305,-112.165
USC00022140,31.3456,-110.2542
USC00022754,32.7481,-109.1214
USC00023190,33.6028,-111.7131
USC00024453,34.7522,-112.1114
USC00024702,33.2742,-113.9653
USC00024829,33.3372,-112.1469
USC00025412,34.1142,-109.8589
USC00025418,31.6017,-109.6686
USC00025635,34.6106,-111.8381
USC00025924,31.4553,-110.9681
USC00026132,31.9556,-112.8003
USC00026282,31.5392,-110.7603
USC00026468,34.7994,-109.885
USC00026471,36.1067,-112.0947
USC00026601,34.1239,-109.9219
USC00026616,36.8625,-112.7375
USC00026716,31.8833,-109.2056
USC00026796,34.5706,-112.4322
USC00027036,32.4275,-110.4875
USC00027281,33.6731,-111.1508
USC00027390,32.815,-109.6808
USC00027435,34.5172,-109.4028
USC00027716,35.3322,-112.8797
USC00027855,34.2639,-110.0075
USC00028012,34.5081,-110.0839
USC00028162,34.1311,-109.275
USC00028329,35.3694,-111.5436
USC00028396,32.7225,-113.9192
USC00028499,33.4258,-111.9217
USC00028619,31.7119,-110.0686
USC00028865,31.5678,-111.0497
USC00028904,34.7706,-112.0264
USC00029158,34.9281,-112.8097
USC00029166,34.3117,-112.562
USC00029309,34.7056,-113.6125
USC00029334,32.2553,-109.8369
USC00029359,35.2414,-112.1928
USC00029542,35.5247,-111.3703
USC00029634,33.595,-112.3014
USS0009S01S,33.98,-109.5
USS0009S02S,33.92,-109.46
USS0009S11S,33.65,-109.31
USS0010S01S,33.81,-110.92
USS0011R06S,34.46,-111.41
USW00003103,35.1442,-111.6664
USW00023160,32.1314,-110.9553
USW00023183,33.4278,-112.0039
USW00023184,34.6517,-112.4208
USW00023194,35.0281,-110.7208
USW00093026,31.4583,-109.6061
USW00093139,34.2325,-111.3447
USC00072730,39.1467,-75.5056
USW00013735,39.3667,-75.0667
USW00013781,39.6728,-75.6008
USC00195984,41.9928,-71.1667
USC00374266,41.4903,-71.5431
USC00375270,41.8564,-71.7333
USC00379423,41.9844,-71.4908
USC00050214,39.4992,-108.3808
USC00050263,38.9933,-105.8919
USC00050372,39.1853,-106.8381
USC00050454,39.4053,-105.4764
USC00050797,38.4667,-107.1678
USC00050848,39.9919,-105.2667
USC00050950,39.9436,-104.8361
USC00051071,38.8247,-106.1275
USC00051121,39.3061,-102.2608
USC00051179,39.7406,-104.1275
USC00051186,39.6553,-105.7089
USC00051268,37.0103,-102.5536
USC00051528,39.2203,-105.2783
USC00051564,38.8222,-102.3503
USC00051609,38.4433,-107.5569
USC00051660,39.3672,-106.1897
USC00051713,38.4461,-106.7611
USC00051772,39.1014,-108.7339
USC00051886,37.3444,-108.595
USC00051959,38.8739,-106.9772
USC00051964,37.9806,-105.6897
USC00052184,37.6911,-106.3078
USC00052281,39.6261,-106.0353
USC00052494,39.1092,-104.5997
USC00052790,39.6381,-105.315
USC00052932,39.2814,-103.062
USC00053005,40.5764,-105.0858
USC00053016,37.2308,-108.0514
USC00053079,38.1236,-104.0083
USC00053246,38.6878,-108.9608
USC00053258,39.2775,-103.4958
USC00053496,40.2669,-105.8322
USC00053500,40.185,-105.8667
USC00053530,39.4608,-105.6786
USC00053541,37.7333,-105.5119
USC00053553,40.4022,-104.6992
USC00053629,39.9364,-105.3503
USC00053867,40.4925,-107.2547
USC00053951,37.7494,-107.095
USC00054444,38.7411,-103.5428
USC00054452,39.49,-105.0953
USC00054726,37.7514,-103.4767
USC00054742,38.9075,-105.4706
USC00054762,39.7489,-105.1206
USC00054770,38.0936,-102.6306
USC00054834,38.0636,-103.2153
USC00055446,40.5158,-108.0947
USC00055531,37.1997,-108.4892
USC00055722,38.4858,-107.8792
USC00056266,39.1136,-108.3506
USC00056306,38.8522,-107.6225
USC00056765,38.2597,-104.7178
USC00056832,40.0889,-108.7728
USC00057050,37.7219,-107.2667
USC00057167,38.0383,-103.6947
USC00057309,38.8417,-104.9742
USC00057460,38.4039,-106.4236
USC00057510,39.3856,-104.9453
USC00057936,40.4883,-106.8233
USC00058157,38.3422,-104.0567
USC00058184,38.8183,-106.6086
USC00058429,37.1786,-104.4869
USC00058560,38.3761,-108.7422
USC00058756,40.7442,-106.2792
USC00058781,37.6303,-104.7956
USC00058793,37.3822,-102.2986
USC00058839,40.4256,-105.2103
USC00058931,38.1311,-105.4661
USC00059096,40.0375,-106.2039
USC00059265,40.1561,-106.9092
USS0005J04S,40.4,-105.85
USS0005J06S,40.81,-105.77
USS0005J08S,40.03,-105.58
USS0005J10S,40.41,-105.82
USS0005J18S,40.21,-105.57
USS0005J37S,40.53,-105.89
USS0005J39S,40.31,-105.64
USS0005J40S,40.43,-105.73
USS0005J41S,39.94,-105.59
USS0005J42S,40.04,-105.54
USS0005K14S,39.8,-105.78
USS0005M03S,37.21,-105.2
USS0005M07S,37.33,-105.07
USS0005M14S,37.21,-105.12
USS0006J01S,40.53,-106.78
USS0006J03S,40.39,-106.6
USS0006J05S,40.35,-106.09
USS0006J06S,40.08,-106.67
USS0006J12S,40.88,-106.05
USS0006J15S,40.85,-106.97
USS0006J29S,40.54,-106.68
USS0006K01S,39.36,-106.06
USS0006K04S,39.08,-106.61
USS0006K08S,39.38,-106.2
USS0006K14S,39.72,-106.16
USS0006K24S,39.49,-106.17
USS0006K30S,39.32,-106.61
USS0006K39S,39.62,-106.38
USS0006K40S,39.09,-106.54
USS0006L02S,38.82,-106.59
USS0006L03S,38.49,-106.34
USS0006M03S,37.49,-106.84
USS0006M22S,37.02,-106.45
USS0007K02S,39.88,-107.6
USS0007K06S,39.05,-107.87
USS0007K09S,39.13,-107.29
USS0007M05S,37.65,-107.81
USS0007M14S,37.85,-107.73
USS0007M21S,37.62,-107.03
USS0007M27S,37.93,-107.68
USS0007M29S,37.8,-107.92
USS0007M30S,37.99,-107.2
USS0007M32S,37.71,-107.51
USS0007M33S,37.89,-107.71
USS0008M07S,37.89,-108.2
USW00023061,37.4389,-105.8614
USW00023066,39.1342,-108.54
USW00023067,38.0494,-103.5122
USW00023070,37.2622,-104.3378
USW00093009,39.2292,-106.3169
USW00093010,39.1894,-103.7158
USC00420061,40.4644,-111.7708
USC00420072,40.5906,-111.6369
USC00420074,40.3669,-110.2986
USC00420086,37.4403,-112.4819
USC00420336,38.6164,-109.6192
USC00420730,38.7075,-112.9539
USC00420738,37.6131,-109.4847
USC00420788,37.2825,-109.5575
USC00420819,40.8911,-111.8503
USC00420849,37.905,-111.42
USC00420928,41.5239,-112.0436
USC00421008,37.6406,-112.17
USC00421144,39.8997,-113.7128
USC00421163,38.46,-109.8214
USC00421168,38.1678,-109.7597
USC00421171,38.2917,-111.2622
USC00421214,39.2078,-111.0125
USC00421308,37.7158,-109.0828
USC00421446,40.815,-111.8322
USC00421759,40.6189,-111.7836
USC00421918,41.8328,-112.0558
USC00422057,40.4044,-111.5289
USC00422101,39.2872,-112.6519
USC00422173,40.4383,-109.3069
USC00422253,40.1703,-110.3978
USC00422385,40.9656,-111.4336
USC00422558,37.5764,-113.715
USC00422578,39.3583,-111.5992
USC00422592,37.7686,-111.5978
USC00422607,39.1078,-113.9533
USC00422798,39.0875,-111.1325
USC00422864,40.9317,-109.4117
USC00423348,40.6019,-112.5075
USC00423600,38.2553,-110.18
USC00423776,37.6522,-112.4361
USC00424100,37.3858,-109.075
USC00424174,40.0378,-113.9886
USC00424342,40.3611,-109.3464
USC00424467,40.6439,-111.2822
USC00424508,37.0286,-112.5361
USC00424755,37.5142,-111.9883
USC00424856,41.8253,-111.3206
USC00424968,37.2008,-113.2686
USC00425065,39.5608,-111.8653
USC00425182,41.735,-111.8564
USC00425186,41.7456,-111.8033
USC00425194,41.6661,-111.8914
USC00425402,39.2583,-111.6308
USC00425582,37.1497,-109.8675
USC00425733,38.5744,-109.5458
USC00426053,37.6094,-109.9772
USC00426123,40.4178,-110.0511
USC00426135,39.7119,-111.8319
USC00426181,37.4636,-113.2897
USC00426357,39.3833,-112.3
USC00426568,40.1344,-109.6436
USC00426919,40.3678,-111.7333
USC00427064,40.2458,-111.6508
USC00427260,38.7617,-112.0778
USC00427271,41.9064,-111.81
USC00427686,39.9578,-111.7794
USC00427846,40.6008,-111.5842
USC00428119,40.08,-111.6047
USC00428771,40.5353,-112.3217
USC00429111,40.4403,-109.5356
USC00429165,40.7908,-111.4078
USC00429346,41.1092,-111.9125
USC00429368,39.5447,-110.6861
USC00429595,41.525,-111.1494
USC00429717,37.2092,-112.9814
USS0009J01S,40.72,-109.54
USS0009J05S,40.61,-109.89
USS0009J16S,40.74,-109.67
USS0010J18S,40.55,-110.69
USS0010J20S,40.91,-110.5
USS0010J30S,40.58,-110.59
USS0010J44S,40.8,-110.88
USS0010J52S,40.68,-110.95
USS0010K01S,39.89,-110.75
USS0011H08S,41.38,-111.94
USS0011H36S,41.9,-111.63
USS0011H37S,41.68,-111.42
USS0011H55S,41.41,-111.54
USS0011H57S,41.47,-111.5
USS0011J01S,40.85,-111.05
USS0011J02S,40.89,-111.07
USS0011J11S,40.99,-111.82
USS0011J21S,40.43,-111.62
USS0011J23S,40.3,-111.26
USS0011J32S,40.36,-111.09
USS0011J46S,40.61,-111.1
USS0011J52S,40.76,-111.63
USS0011J53S,40.79,-111.12
USS0011K03S,39.68,-111.32
USS0011K15S,39.05,-111.47
USS0011K21S,39.87,-111.28
USS0011K22S,39.89,-111.25
USS0011K31S,39.13,-111.44
USS0011K39S,39.01,-111.58
USS0011K52S,39.93,-111.63
USS0011M03S,37.84,-111.88
USS0012K01S,39.94,-112.41
USS0012L07S,38.3,-112.36
USS0012M13S,37.66,-112.74
USS0013M05S,37.53,-113.05
USW00023162,39.3375,-112.5858
USW00023170,38.3706,-110.7153
USW00093129,37.7086,-113.0944
USC00180700,39.0303,-76.9314
USC00182325,38.9386,-77.1133
USC00185865,38.4928,-76.7258
USC00186350,38.9133,-76.97
USC00187806,38.7153,-76.1908
USC00188380,38.2317,-75.3761
USC00440021,36.6686,-81.9647
USC00440327,37.75,-77.4833
USC00441209,37.0908,-81.3364
USC00441322,37.0375,-77.9461
USC00441606,36.7775,-78.4756
USC00441614,36.8225,-79.4103
USC00441746,36.6214,-78.5506
USC00441999,37.0817,-80.1347
USC00442009,38.2022,-77.3747
USC00443267,36.6633,-80.9139
USC00444044,36.6831,-76.7683
USC00444101,37.2992,-77.2775
USC00444414,36.6003,-78.3011
USC00445300,36.7056,-79.865
USC00445453,36.6667,-80.4481
USC00446475,37.5844,-75.8217
USC00446955,37.0556,-80.7842
USC00447925,36.6953,-78.8808
USC00448084,38.9764,-77.4869
USC00448170,36.6364,-80.2544
USC00448192,36.7297,-76.6014
USC00448737,38.8922,-77.2892
USC00448829,37.7433,-77.04
USC00448837,36.5953,-76.4389
USC00448894,37.9881,-76.7769
USC00449025,37.5658,-76.8
USC00449151,37.3017,-76.7039
USC00449169,36.9136,-80.5075
USC00449213,37.3247,-77.6503
USC00449272,36.7736,-80.2622
USC00449301,36.9617,-81.0869
USW00013721,38.3,-76.4167
USW00013737,36.9033,-76.1922
USW00013740,37.505,-77.3203
USW00013750,36.95,-76.2833
USW00093720,38.3406,-75.5103
USW00093721,39.1667,-76.6833
USW00093738,38.9408,-77.4636
USW00093739,37.9406,-75.4631
USC00160098,31.3206,-92.4611
USC00160565,30.1328,-91.3228
USC00160800,32.3744,-92.9433
USC00161232,31.3944,-92.7164
USC00161287,30.9594,-92.1786
USC00161411,32.5133,-92.3486
USC00161979,32.1672,-92.1078
USC00162212,30.2408,-92.3478
USC00162534,30.0719,-91.0278
USC00162981,30.4917,-92.4303
USC00163313,29.8233,-91.5442
USC00163433,29.4631,-90.3072
USC00163800,30.4183,-92.0442
USC00163979,29.8894,-93.4019
USC00164355,32.81,-93.0625
USC00164674,29.9592,-91.7108
USC00164700,30.2003,-92.6642
USC00164739,31.4825,-91.8628
USC00164931,32.4169,-93.4428
USC00165074,30.2544,-93.2186
USC00165266,31.1417,-93.2397
USC00166244,32.6053,-93.2947
USC00166394,29.6833,-91.1761
USC00166938,30.6036,-92.7739
USC00166995,30.5081,-92.0925
USC00167932,29.7286,-92.8181
USC00168067,32.51,-92.6503
USC00169013,29.7547,-90.7747
USC00169806,32.0997,-91.7022
USW00012930,29.9167,-90.1303
USW00013942,32.5156,-92.0406
USW00013976,30.205,-91.9875
USC00110338,41.7803,-88.3092
USC00111497,42.14,-87.7853
USC00112223,41.9342,-88.7756
USC00112348,41.835,-89.5136
USC00112736,42.0628,-88.2861
USC00113262,42.2972,-89.6039
USC00113290,41.8978,-90.1544
USC00115833,41.7944,-89.9681
USC00115901,42.0981,-89.9842
USC00117354,41.9117,-89.0708
USC00118293,42.3997,-89.9903
USC00131635,41.7947,-90.2639
USC00200146,43.3869,-84.6483
USC00200230,42.2981,-83.6639
USC00200417,43.8081,-82.9939
USC00200710,42.1244,-86.4267
USC00200779,43.7072,-85.4822
USC00200864,42.3839,-85.9625
USC00200925,45.1672,-84.9139
USC00201299,43.4839,-83.3919
USC00201361,43.5861,-83.1805
USC00201476,42.5503,-84.8258
USC00201492,45.6528,-84.4725
USC00201675,41.9622,-84.9925
USC00201896,45.6414,-85.0142
USC00202015,42.3194,-83.2378
USC00202094,45.9983,-83.9014
USC00202250,41.9856,-86.1319
USC00202423,44.2839,-83.5036
USC00202851,43.0378,-83.7694
USC00202984,44.6481,-86.21
USC00203096,45.0333,-84.7114
USC00203391,44.6547,-84.6997
USC00203429,43.2025,-85.2422
USC00203477,42.4078,-82.8892
USC00203529,44.4633,-83.7217
USC00203661,42.6419,-85.2881
USC00203932,44.3119,-84.8922
USC00204257,44.7281,-85.1728
USC00204320,43.1994,-85.7717
USC00204502,44.3089,-85.205
USC00204655,43.0608,-83.3075
USC00204944,42.9292,-85.3403
USC00205097,44.855,-85.8353
USC00205434,43.6089,-84.2011
USC00205488,43.2836,-83.4792
USC00205567,43.4614,-86.4175
USC00205892,41.8406,-86.2658
USC00206184,45.4108,-84.2233
USC00206507,45.3725,-84.9767
USC00206680,42.975,-82.4194
USC00207222,43.4122,-83.9561
USC00208184,41.93,-85.6386
USC00208800,44.2542,-84.2011
USC00209188,43.1447,-82.8011
USW00014814,45.0606,-83.4281
USW00014817,44.2656,-85.3967
USW00014826,42.9667,-83.7494
USW00014828,43.9758,-84.4908
USW00014833,42.2667,-84.4667
USW00014836,42.7803,-84.5789
USW00014840,43.1711,-86.2367
USW00014841,45.5644,-84.7928
USW00014845,43.5331,-84.0797
USW00014847,46.4794,-84.3572
USW00014850,44.7408,-85.5825
USW00094814,44.3592,-84.6739
USW00094822,42.1928,-89.0931
USW00094849,45.0717,-83.5644
USW00094860,42.8939,-85.5447
USC00190736,42.2122,-71.1136
USC00190860,42.0475,-71.0081
USC00191386,41.6569,-69.9592
USC00192501,41.3853,-70.5181
USC00192997,42.0792,-71.4094
USC00193505,42.7594,-71.0603
USC00193624,42.2269,-70.9125
USC00194105,42.6992,-71.1658
USC00194744,42.5933,-71.0186
USC00195285,42.8319,-70.9153
USC00195524,42.115,-71.6761
USC00196486,41.9819,-70.6961
USC00196783,42.5239,-71.125
USC00196938,41.785,-70.9175
USC00198757,42.1608,-71.2461
USW00014739,42.3606,-71.0106
USC00080228,27.2178,-81.8742
USC00080236,27.1819,-81.3508
USC00080478,27.8861,-81.8325
USC00080945,27.4467,-82.5014
USC00081641,28.4558,-81.7233
USC00082229,29.0097,-81.2981
USC00082288,27.3697,-81.5136
USC00082298,26.6639,-81.09
USC00082915,29.755,-81.5389
USC00083153,27.5728,-82.1392
USC00083163,26.1019,-80.2011
USC00083207,27.4419,-80.3508
USC00083874,29.7653,-81.4697
USC00084289,28.8028,-82.3128
USC00084366,30.2875,-81.3928
USC00084625,28.2764,-81.4239
USC00084731,30.1853,-82.5942
USC00085076,28.8728,-81.7844
USC00085539,30.1064,-83.1819
USC00085612,28.1136,-80.6539
USC00085895,26.84,-81.0872
USC00085973,27.9378,-81.5992
USC00086065,27.2417,-82.3161
USC00086078,26.1653,-81.6842
USC00086406,25.8603,-81.0331
USC00086414,29.1639,-82.0778
USC00087025,30.0986,-83.5742
USC00087205,28.0208,-82.1386
USC00087397,26.9147,-81.9969
USC00087826,29.8858,-81.2883
USC00087851,28.3378,-82.26
USC00087982,28.8147,-81.2778
USC00088782,27.7053,-82.4008
USC00088824,28.1522,-82.7539
USC00088942,28.6242,-80.8169
USC00089120,29.4081,-82.8189
USC00089176,27.1006,-82.4364
USC00089219,27.6528,-80.4031
USC00089401,27.5478,-81.7994
USC00089566,30.1192,-85.2042
USW00012815,28.4339,-81.325
USW00012816,29.6919,-82.2756
USW00012834,29.1828,-81.0483
USW00012835,26.585,-81.8614
USW00012836,24.555,-81.7522
USW00012839,25.7906,-80.3164
USW00012842,27.9619,-82.5403
USW00012844,26.6847,-80.0994
USW00092811,25.8064,-80.1336
USW00093837,30.2333,-81.6667
USC00281351,38.9533,-74.9361
USC00283951,40.2664,-74.5642
USC00286055,40.4728,-74.4225
USW00013724,39.3792,-74.4242
USC00182906,39.6761,-77.2844
USC00380184,33.4408,-79.5672
USC00381093,33.5214,-79.0975
USC00385493,33.6989,-80.1992
USW00013782,32.78,-79.9319
USW00013880,32.8986,-80.0403
USW00093831,32.4833,-80.7167
USC00170480,44.4394,-68.9892
USC00170600,45.0697,-69.9053
USC00170814,45.6603,-69.812
USC00170833,46.4283,-67.8442
USC00170844,44.07,-70.7467
USC00171628,44.9197,-69.2417
USC00171975,45.1872,-69.1842
USC00172765,44.6894,-70.1564
USC00172878,47.2386,-68.6119
USC00173046,44.2203,-69.7889
USC00173261,45.1775,-67.7742
USC00173567,44.9467,-69.5456
USC00173588,45.4586,-69.8653
USC00174086,45.6261,-70.2461
USC00174927,44.7975,-69.8889
USC00175460,45.5853,-69.7186
USC00175675,44.0436,-69.5375
USC00177037,44.9892,-70.6719
USC00177479,43.4569,-70.7803
USC00178965,47.1664,-67.9397
USC00179151,44.5272,-69.6544
USC00179593,44.1925,-69.1461
USC00179891,45.1542,-67.3986
USC00272174,43.1433,-70.95
USW00014605,44.3206,-69.7972
USW00014606,44.7978,-68.8186
USW00014607,46.8706,-68.0172
USW00014609,46.1236,-67.7928
USW00014764,43.6497,-70.3003
USC00270690,44.4536,-71.1856
USC00272800,43.0303,-71.0839
USC00272999,45.09,-71.2906
USC00273626,43.0211,-70.8258
USC00274480,43.5492,-71.4644
USC00275995,44.0561,-71.1297
USC00276818,44.2581,-71.2525
USW00014755,44.2667,-71.2994
USC00110072,41.1978,-90.7447
USC00110356,40.6633,-90.4447
USC00113320,40.9464,-90.3856
USC00113384,41.4511,-90.1486
USC00113455,40.8822,-91.0233
USC00115768,40.9442,-90.6381
USC00116080,41.1925,-91.0578
USC00130112,41.0656,-92.7867
USC00130133,43.0664,-94.2222
USC00130200,42.0208,-93.7742
USC00130241,41.7322,-93.65
USC00130364,41.4175,-95.0042
USC00130385,41.7069,-94.9222
USC00130536,40.8069,-94.0475
USC00130576,40.6742,-94.7244
USC00130600,41.8814,-92.2764
USC00130608,42.2611,-90.423
USC00130753,40.7392,-92.4142
USC00130807,42.0417,-93.8906
USC00131060,40.7747,-91.1164
USC00131233,42.065,-94.85
USC00131257,42.2972,-91.02
USC00131319,42.0497,-91.5881
USC00131394,41.0164,-93.2792
USC00131533,40.7244,-95.0192
USC00132235,41.8108,-90.5406
USC00132299,40.6458,-91.5639
USC00132573,42.3653,-93.0972
USC00132689,43.1025,-94.6833
USC00132789,41.0211,-91.9553
USC00132999,42.5836,-94.2006
USC00133007,40.6222,-91.3339
USC00133239,41.8781,-92.7786
USC00133438,41.2942,-94.4456
USC00133473,41.72,-92.7489
USC00133487,42.3647,-92.7594
USC00133509,41.6686,-94.4972
USC00133584,42.7561,-93.2019
USC00134063,41.3664,-93.6481
USC00134101,41.6092,-91.505
USC00134142,42.5189,-93.2536
USC00134228,42.0103,-94.3953
USC00134389,40.7356,-91.9697
USC00134557,43.4178,-93.5347
USC00134561,43.4483,-95.3247
USC00134585,40.6233,-93.9342
USC00134705,41.5747,-90.4006
USC00135086,42.4733,-91.4517
USC00135131,42.0772,-90.6647
USC00135198,42.0647,-92.9244
USC00135230,43.1631,-93.1953
USC00135493,43.3828,-95.1842
USC00135769,40.7053,-94.2428
USC00135796,40.9486,-91.5647
USC00135837,41.4075,-91.0728
USC00135992,41.7117,-93.0297
USC00136103,43.4386,-93.2253
USC00136566,41.8394,-94.1106
USC00136800,43.0864,-95.6292
USC00136940,41.0036,-95.2419
USC00137147,43.43,-96.1686
USC00137152,43.2044,-96.3061
USC00137161,42.3969,-94.6292
USC00137312,42.4194,-94.9761
USC00137386,43.1792,-95.6603
USC00137594,43.1803,-95.8533
USC00137664,43.4047,-95.7483
USC00137678,41.3372,-92.2278
USC00137700,43.0558,-96.1525
USC00137726,42.8931,-95.0653
USC00137844,43.1653,-95.1467
USC00138296,42.0356,-92.5806
USC00138568,42.1703,-92.0078
USC00138688,41.2825,-91.7078
USC00138806,42.4686,-93.7975
USC00139067,41.665,-91.9978
USW00014923,41.4653,-90.5233
USW00014933,41.5339,-93.6531
USW00014940,43.1544,-93.3269
USW00014950,41.1078,-92.4467
USW00014990,41.8833,-91.7167
USW00094908,42.3978,-90.7036
USC00030130,34.7961,-92.8417
USC00030178,34.0275,-93.4333
USC00030220,34.1433,-93.0589
USC00030326,35.2894,-91.3533
USC00030458,35.8306,-91.7944
USC00030460,35.7594,-91.6383
USC00030536,35.4586,-91.0567
USC00030582,34.5675,-92.6006
USC00030724,34.2872,-93.1444
USC00030820,34.3897,-93.2822
USC00030842,35.7264,-92.4672
USC00031102,34.9817,-92.0064
USC00031152,33.59,-92.8236
USC00031492,35.5836,-92.4511
USC00031730,33.1111,-91.9481
USC00031750,34.6886,-92.45
USC00031829,35.4033,-92.3828
USC00031834,35.0375,-93.3947
USC00031838,35.2342,-93.1675
USC00032540,33.8228,-92.3989
USC00032760,35.1261,-91.4533
USC00032794,35.9886,-92.7161
USC00032978,35.5206,-91.9997
USC00033466,34.5128,-93.0486
USC00033734,35.8489,-90.6589
USC00033821,35.6872,-90.0964
USC00033862,34.6033,-91.9928
USC00034010,34.8511,-92.4889
USC00034528,35.0264,-90.7347
USC00034562,34.3947,-92.8364
USC00035186,35.6042,-91.2744
USC00035200,34.9553,-93.1594
USC00035754,34.2256,-92.0186
USC00035908,33.8203,-93.3878
USC00036506,35.2678,-91.7167
USC00036562,34.3019,-92.3914
USC00037712,35.1242,-90.1805
USC00038052,35.2547,-90.7964
USC00402108,35.5497,-89.7
USW00003952,34.8364,-92.2619
USW00013893,35.0564,-89.9864
USW00013963,34.7272,-92.2389
USW00053919,33.6361,-91.7556
USW00093992,33.2208,-92.8142
USC00400081,36.3806,-84.8744
USC00400137,35.1131,-89.2122
USC00400284,35.4322,-84.5833
USC00400669,36.4583,-86.3239
USC00400876,35.2622,-88.9892
USC00401145,35.5894,-89.2586
USC00401808,35.2192,-84.7917
USC00401957,35.6381,-87.0864
USC00402009,36.1075,-85.5033
USC00402202,36.0147,-85.1314
USC00402360,35.4722,-84.9958
USC00402489,36.075,-87.3958
USC00403074,35.1342,-86.5419
USC00403280,35.9417,-86.8686
USC00404417,36.0028,-88.4253
USC00404561,35.6214,-88.8456
USC00404590,36.4258,-84.9419
USC00404871,35.8575,-84.5278
USC00405108,36.2292,-86.3181
USC00405118,36.2981,-86.2631
USC00405187,35.4139,-86.8086
USC00405681,36.3444,-88.8636
USC00405882,35.6722,-85.7811
USC00406012,35.9328,-88.7267
USC00406162,35.2242,-85.8414
USC00406371,35.9203,-86.3728
USC00406435,35.7197,-86.9653
USC00406803,36.2953,-86.6569
USC00406977,36.2872,-88.2958
USC00407184,35.5983,-85.1939
USC00407459,35.1842,-87.0422
USC00408108,35.1525,-88.3214
USC00408160,35.1647,-88.5994
USC00408246,35.4922,-86.4775
USC00408405,35.9419,-85.7892
USC00408522,35.9067,-85.475
USC00408562,36.4711,-86.8414
USC00409155,35.3453,-86.2089
USC00409219,36.3925,-89.0317
USC00409502,35.3042,-87.7592
USC00409866,35.8375,-86.0894
USW00003811,35.5931,-88.9167
USW00003847,35.9508,-85.0814
USW00013882,35.0311,-85.2014
USW00013897,36.1189,-86.6892
USC00110500,39.1811,-88.7828
USC00110761,40.4961,-88.9994
USC00111436,39.4761,-88.1653
USC00111475,40.7408,-88.7181
USC00112193,39.8289,-88.9506
USC00112923,40.7511,-88.4983
USC00114530,41.5033,-88.1033
USC00115372,41.3286,-88.7533
USC00115712,40.9125,-89.0339
USC00116200,40.5492,-88.9497
USC00116526,41.3283,-88.9106
USC00116661,41.6653,-88.9781
USC00116910,40.8778,-88.6364
USC00118684,39.7947,-88.2911
USC00118740,40.0839,-88.2403
USC00119354,39.4458,-88.5961
USW00014806,40.3131,-88.1594
USW00014842,40.6675,-89.6839